Unnamed: 0,# PDB,function,Heme,multiheme,ligand,axial1,axial2,pocket_volume,saddling,ruffling,doming,breathing,rotation,wavx,wavy,pro,nstr,mstr,transx,transy
28,1aom,electron transporter,HEM_B_601,0,HIS-HIS,HIS,HIS,422.0,0.178,-0.664,0.146,0.009,-0.003,0.053,-0.167,0.002,-0.097,-0.049,-0.017,0.049
34,1b5m,oxidoreductase,HEM_A_201,0,HIS-HIS,HIS,HIS,486.0,0.757,-0.003,0.041,-0.054,-0.053,0.035,-0.188,-0.009,-0.037,-0.064,-0.011,-0.021
51,1cce,oxidoreductase,HEM_A_1,0,HOH-HOH,HOH,HOH,544.0,-0.533,0.329,-0.101,-0.082,0.003,-0.141,0.053,-0.036,0.079,-0.047,0.013,-0.031
110,1cxy,oxidoreductase,HEM_A_204,0,HIS-HIS,HIS,HIS,399.0,0.514,0.083,-0.012,-0.084,-0.006,-0.173,-0.019,0.04,-0.005,-0.029,-0.007,0.0
114,1cyo,oxidoreductase,HEM_A_201,0,HIS-HIS,HIS,HIS,528.0,0.364,0.313,-0.067,-0.129,-0.011,-0.096,-0.098,0.034,-0.037,-0.057,-0.057,0.009
134,1e29,electron transporter,HEC_A_201,0,HIS-HIS,HIS,HIS,418.0,-0.297,-0.29,-0.132,-0.054,-0.023,0.074,-0.071,0.09,-0.005,0.005,-0.019,0.038
141,1ehb,oxidoreductase,HEM_A_201,0,HIS-HIS,HIS,HIS,518.0,0.372,0.227,-0.129,-0.12,0.006,0.035,-0.064,0.076,0.058,-0.035,0.036,0.061
145,1ehk,oxidoreductase,HEM_A_800,0,HIS-HIS,HIS,HIS,366.0,-0.553,0.365,0.193,0.06,-0.002,0.072,0.021,0.037,0.014,0.039,0.006,-0.017
146,1es1,oxidoreductase,HEM_A_201,0,HIS-HIS,HIS,HIS,496.0,0.369,0.256,-0.161,-0.068,0.007,-0.073,-0.175,0.034,-0.023,-0.026,0.038,0.095
152,1fcb,oxidoreductase,HEM_A_560,0,HIS-HIS,HIS,HIS,420.0,-0.035,-0.216,-0.105,-0.131,0.019,-0.144,0.104,-0.052,-0.056,-0.117,-0.033,0.018
191,1hlb,oxygen carrier,HEM_A_158,0,HIS-HIS,HIS,HIS,525.0,0.033,-0.147,0.191,-0.147,0.038,-0.03,0.211,-0.165,0.003,0.133,-0.048,0.014
219,1kbi,oxidoreductase,HEM_A_760,0,HIS-HIS,HIS,HIS,397.0,-0.013,-0.041,0.031,-0.372,0.002,-0.042,0.02,0.002,-0.127,-0.042,-0.09,0.014
228,1lco,oxidoreductase,HEM_A_560,0,HIS-HIS,HIS,HIS,421.0,0.403,-0.255,-0.157,0.055,0.009,-0.198,-0.107,0.084,0.03,0.038,-0.052,0.068
229,1ldc,oxidoreductase,HEM_A_560,0,HIS-HIS,HIS,HIS,455.0,-0.037,-0.74,-0.232,0.17,0.017,-0.086,-0.098,0.207,0.023,0.009,-0.145,0.074
236,1lqx,oxidoreductase,HEM_A_201,0,HIS-HIS,HIS,HIS,510.0,0.346,0.248,-0.123,-0.071,0.003,0.006,-0.079,0.049,-0.024,-0.104,-0.016,0.021
237,1lr6,oxidoreductase,HEM_A_201,0,HIS-HIS,HIS,HIS,549.0,0.386,0.265,-0.084,-0.064,0.001,-0.053,-0.087,-0.045,-0.02,-0.102,-0.004,0.049
240,1ltd,oxidoreductase,HEM_A_560,0,HIS-HIS,HIS,HIS,405.0,0.094,-0.415,0.005,0.069,0.008,-0.076,-0.167,-0.015,-0.048,0.012,-0.022,-0.028
244,1m20,oxidoreductase,HEM_A_201,0,HIS-HIS,HIS,HIS,523.0,0.37,0.177,-0.108,-0.072,0.008,0.035,-0.026,0.065,-0.016,-0.092,-0.021,0.008
245,1m2i,oxidoreductase,HEM_A_201,0,HIS-HIS,HIS,HIS,524.0,0.471,0.31,-0.073,-0.09,-0.0,0.046,-0.121,0.045,0.008,-0.038,-0.027,0.044
246,1m2m,oxidoreductase,HEM_A_201,0,HIS-HIS,HIS,HIS,549.0,0.28,0.269,-0.128,-0.112,0.029,0.031,-0.139,0.027,-0.029,-0.035,0.014,-0.001
247,1m59,oxidoreductase,HEM_A_201,0,HIS-HIS,HIS,HIS,538.0,0.428,0.261,-0.096,-0.158,0.025,0.017,-0.097,0.07,0.015,-0.037,-0.006,0.051
256,1mj4,oxidoreductase,HEM_A_502,0,HIS-HIS,HIS,HIS,543.0,0.484,-0.135,0.054,-0.035,-0.017,0.095,-0.114,0.049,-0.047,-0.038,0.009,0.024
280,1mz4,electron transporter,HEC_A_151,0,HIS-HIS,HIS,HIS,444.0,0.155,-0.254,0.021,-0.133,0.006,0.059,-0.092,0.052,0.019,0.068,-0.002,-0.007
285,1nek,electron transporter,HEM_C_305,0,HIS-HIS,HIS,HIS,498.0,-0.177,0.048,-0.024,-0.043,0.005,-0.004,-0.009,-0.005,-0.093,-0.119,-0.033,0.063
286,1nen,electron transporter,HEM_C_305,0,HIS-HIS,HIS,HIS,493.0,-0.197,0.029,-0.006,-0.139,0.0,0.006,-0.001,-0.002,-0.045,-0.198,-0.01,-0.005
306,1q1f,oxygen carrier,HEM_A_200,0,HIS-HIS,HIS,HIS,515.0,0.044,0.571,-0.174,0.102,0.064,0.295,-0.187,-0.035,-0.069,-0.076,0.028,-0.036
309,1qhu,oxidoreductase,HEM_A_500,0,HIS-HIS,HIS,HIS,516.0,0.252,0.038,0.029,-0.033,-0.003,0.118,0.036,-0.002,-0.03,-0.138,-0.052,0.138
321,1rtx,transferase,HEM_A_125,0,HIS-HIS,HIS,HIS,445.0,-0.085,-0.271,-0.02,-0.024,0.002,-0.011,-0.043,0.002,-0.01,0.042,0.029,0.02
331,1u9u,oxidoreductase,HEM_A_90,0,HIS-HIS,HIS,HIS,522.0,0.398,0.223,-0.146,-0.053,0.008,-0.026,-0.097,0.093,0.057,-0.096,0.009,0.061
338,1v5h,oxygen carrier,HEM_A_191,0,HIS-HIS,HIS,HIS,479.0,-0.127,0.021,0.075,-0.434,0.044,0.066,0.05,-0.008,-0.308,-0.368,-0.018,0.054
358,1xme,oxidoreductase,HEM_A_800,0,HIS-HIS,HIS,HIS,365.0,-0.493,0.215,0.119,-0.331,0.016,0.011,0.007,0.016,-0.059,0.034,-0.009,0.024
362,1y5l,oxidoreductase,HEM_C_806,0,HIS-HIS,HIS,HIS,446.0,-0.005,-0.01,-0.001,-0.246,-0.018,-0.016,-0.009,0.002,-0.019,-0.123,-0.03,-0.005
369,1yq3,oxidoreductase,HEM_C_143,0,HIS-HIS,HIS,HIS,484.0,-0.168,-0.366,-0.091,-0.146,0.001,0.068,0.088,0.129,-0.162,-0.082,-0.089,-0.07
370,1yq4,oxidoreductase,HEM_C_143,0,HIS-HIS,HIS,HIS,450.0,-0.04,-0.061,-0.158,-0.009,0.007,0.213,0.044,0.141,-0.005,-0.133,-0.013,-0.041
384,1zoy,electron transporter,HEM_C_1305,0,HIS-HIS,HIS,HIS,515.0,-0.112,0.018,0.085,-0.267,-0.009,0.015,0.019,0.002,-0.055,0.003,0.034,0.061
408,2bk9,oxygen carrier,HEM_A_1154,0,HIS-HIS,HIS,HIS,538.0,-0.279,-0.32,0.256,-0.01,0.021,0.098,-0.053,-0.012,0.013,-0.11,-0.015,0.027
417,2c8s,electron transporter,HEM_A_1173,0,HIS-HIS,HIS,HIS,440.0,-0.061,-0.277,0.157,-0.082,-0.002,0.101,0.057,0.049,0.008,-0.076,0.001,-0.015
453,2ggn,oxidoreductase,HEM_X_251,0,HIS-HIS,HIS,HIS,397.0,-0.785,-0.06,-0.387,-0.072,0.008,-0.114,-0.034,-0.018,-0.014,0.006,-0.024,0.014
456,2h89,oxidoreductase,HEM_C_142,0,HIS-HIS,HIS,HIS,487.0,-0.204,-0.123,-0.161,-0.091,-0.013,0.106,0.147,0.073,0.093,-0.181,0.067,-0.046
459,2hz1,oxygen carrier,HEM_A_125,0,HIS-HIS,HIS,HIS,455.0,-0.125,-0.449,0.08,0.16,0.02,-0.021,-0.009,-0.004,-0.091,0.099,-0.003,0.009
460,2hz2,oxygen carrier,HEM_A_125,0,HIS-HIS,HIS,HIS,460.0,-0.001,-0.964,0.045,0.182,-0.024,-0.056,-0.133,-0.069,-0.104,0.063,0.013,0.032
461,2hz3,oxygen carrier,HEM_A_129,0,HIS-HIS,HIS,HIS,465.0,-0.071,-0.549,0.13,0.223,-0.035,-0.011,0.012,-0.035,-0.095,0.086,-0.004,-0.006
463,2ibj,oxidoreductase,HEM_A_201,0,HIS-HIS,HIS,HIS,537.0,0.607,-0.184,0.027,-0.084,0.016,-0.135,0.086,0.051,-0.011,0.019,0.078,0.011
499,2oz0,oxidoreductase,HEM_A_560,0,HIS-HIS,HIS,HIS,512.0,-0.333,-0.26,-0.119,0.094,0.044,-0.221,0.103,0.003,0.052,0.035,0.115,-0.068
507,2qpe,oxidoreductase,HEM_A_800,0,HIS-HIS,HIS,HIS,354.0,-0.698,0.575,0.096,-0.11,-0.017,-0.138,-0.018,0.022,0.058,-0.168,-0.087,0.125
546,2vnx,oxidoreductase,HEM_X_251,0,HIS-HIS,HIS,HIS,410.0,-0.799,0.008,-0.3,-0.086,-0.005,-0.112,0.001,-0.015,0.001,0.015,-0.047,0.033
548,2vo2,oxidoreductase,HEM_X_1250,0,HIS-HIS,HIS,HIS,404.0,-0.886,-0.059,-0.181,-0.255,-0.024,-0.021,-0.027,-0.016,-0.028,-0.188,-0.013,0.095
549,2vry,oxygen carrier,HEM_A_1150,0,HIS-HIS,HIS,HIS,564.0,0.251,0.26,-0.195,-0.273,0.046,0.008,0.015,-0.011,0.217,-0.031,-0.057,0.027
623,3ae4,electron transporter,HEM_C_1305,0,HIS-HIS,HIS,HIS,500.0,-0.317,0.676,0.161,-0.16,0.006,0.176,0.084,-0.01,0.108,-0.03,0.009,0.068
624,3aeb,electron transporter,HEM_C_1305,0,HIS-HIS,HIS,HIS,490.0,-0.486,0.54,0.103,-0.239,0.006,0.042,-0.101,-0.008,0.048,0.027,0.013,0.049
625,3aef,electron transporter,HEM_C_1305,0,HIS-HIS,HIS,HIS,493.0,-0.441,0.857,0.08,-0.066,-0.002,0.142,-0.007,-0.018,0.145,0.215,0.05,-0.013
660,3eh4,oxidoreductase,HEM_A_800,0,HIS-HIS,HIS,HIS,357.0,-0.544,0.507,0.052,-0.029,0.082,0.158,-0.031,-0.019,-0.176,-0.228,-0.067,0.044
661,3eh5,oxidoreductase,HEM_A_800,0,HIS-HIS,HIS,HIS,357.0,-0.695,0.49,0.151,-0.188,-0.052,0.221,-0.001,0.012,0.086,-0.024,-0.037,0.071
677,3gk9,oxygen carrier,HEM_A_200,0,HIS-HIS,HIS,HIS,542.0,0.243,0.174,-0.202,-0.265,0.003,0.33,0.098,-0.003,-0.046,-0.211,0.019,0.006
678,3gkt,oxygen carrier,HEM_A_155,0,HIS-HIS,HIS,HIS,567.0,0.382,0.337,-0.415,-0.313,0.015,0.21,0.074,-0.007,0.244,-0.236,-0.035,0.08
729,3ovu,oxygen carrier,HEM_C_142,0,HIS-HIS,HIS,HIS,552.0,0.006,-0.01,-0.009,-0.303,0.0,0.003,-0.0,-0.001,0.018,-0.004,-0.046,0.055
730,3ozz,oxidoreductase,HEM_B_201,0,HIS-HIS,HIS,HIS,559.0,0.331,0.111,-0.059,-0.053,0.029,-0.056,-0.009,0.024,-0.032,0.091,-0.061,0.041
751,3qjq,oxidoreductase,HEM_A_800,0,HIS-HIS,HIS,HIS,375.0,-0.253,0.669,0.205,-0.04,0.01,0.383,-0.04,0.008,0.136,-0.07,-0.056,-0.019
752,3qjs,oxidoreductase,HEM_A_800,0,HIS-HIS,HIS,HIS,339.0,-0.652,0.436,0.218,-0.175,-0.005,0.337,-0.015,0.013,0.248,-0.231,0.026,-0.052
753,3qjt,oxidoreductase,HEM_A_800,0,HIS-HIS,HIS,HIS,354.0,-0.478,0.241,0.293,-0.284,0.002,0.238,-0.116,-0.009,-0.12,0.032,-0.082,0.145
754,3qju,oxidoreductase,HEM_A_800,0,HIS-HIS,HIS,HIS,385.0,-0.281,0.258,0.26,-0.071,-0.011,0.435,0.338,-0.023,0.079,-0.05,0.056,0.037
755,3qjv,oxidoreductase,HEM_A_800,0,HIS-HIS,HIS,HIS,373.0,-0.746,0.497,0.05,-0.017,-0.062,0.107,0.103,-0.007,-0.149,-0.16,0.009,0.005
768,3s8f,oxidoreductase,HEM_A_800,0,HIS-HIS,HIS,HIS,332.0,-0.779,0.522,0.137,0.129,0.014,0.215,0.073,-0.051,-0.014,0.198,-0.021,-0.019
769,3s8g,oxidoreductase,HEM_A_800,0,HIS-HIS,HIS,HIS,358.0,-0.802,0.513,0.101,-0.118,0.012,0.173,-0.013,-0.04,0.059,0.038,0.027,-0.046
770,3sfd,electron transporter,HEM_C_1305,0,HIS-HIS,HIS,HIS,512.0,-0.12,0.947,0.317,-0.458,-0.022,0.008,0.012,0.002,-0.075,0.021,0.056,0.028
771,3sfe,electron transporter,HEM_C_1305,0,HIS-HIS,HIS,HIS,482.0,-0.036,1.332,0.141,-0.396,-0.018,0.002,-0.004,0.001,-0.08,0.0,0.056,0.018
786,3vp5,oxidoreductase,HEM_A_201,0,HIS-HIS,HIS,HIS,499.0,-0.002,0.095,0.132,-0.178,0.005,0.007,0.08,-0.003,0.061,0.186,0.03,0.036
801,3x32,oxidoreductase,HEM_A_101,0,HIS-HIS,HIS,HIS,496.0,0.392,0.291,-0.08,-0.038,0.003,-0.026,-0.111,0.054,0.027,-0.007,-0.008,0.048
802,3x33,oxidoreductase,HEM_A_101,0,HIS-HIS,HIS,HIS,540.0,0.299,0.243,-0.108,-0.069,-0.011,0.064,-0.089,0.019,0.001,-0.036,0.021,0.029
803,3x34,oxidoreductase,HEM_A_101,0,HIS-HIS,HIS,HIS,568.0,0.306,0.238,-0.028,-0.079,-0.009,0.027,-0.043,0.064,-0.002,-0.024,-0.032,0.015
804,3x35,oxidoreductase,HEM_A_101,0,HIS-HIS,HIS,HIS,532.0,0.331,0.227,-0.099,-0.076,-0.007,0.067,-0.088,-0.01,-0.007,-0.052,0.032,0.023
816,4am2,oxidoreductase,HEM_A_1160,0,MET-MET,MET,MET,564.0,-0.705,-0.053,0.12,-0.202,0.02,0.122,-0.021,-0.076,0.141,0.063,-0.0,0.023
817,4am4,oxidoreductase,HEM_A_1160,0,MET-MET,MET,MET,555.0,-0.698,0.009,0.049,-0.11,-0.031,0.075,0.054,-0.028,-0.01,-0.1,0.019,0.031
818,4am5,oxidoreductase,HEM_A_1160,0,MET-MET,MET,MET,556.0,-0.705,0.019,0.04,-0.119,-0.029,0.1,0.041,-0.054,0.037,-0.061,0.06,0.003
821,4bja,oxygen carrier,HEM_A_300,0,HIS-HIS,HIS,HIS,430.0,-0.359,-0.515,-0.018,0.039,-0.029,-0.007,0.35,0.005,-0.009,0.052,-0.037,0.105
872,4fa7,oxidoreductase,HEM_A_602,0,HIS-HIS,HIS,HIS,327.0,-0.692,0.52,0.231,-0.203,0.031,0.134,0.058,0.011,0.174,0.128,-0.043,-0.006
873,4faa,oxidoreductase,HEM_A_602,0,HIS-HIS,HIS,HIS,365.0,-0.709,0.788,0.059,-0.206,0.043,0.076,0.047,-0.192,0.308,-0.068,0.061,0.016
887,4g70,oxidoreductase,HEM_A_601,0,HIS-HIS,HIS,HIS,345.0,-0.9,0.756,0.2,-0.072,0.003,-0.065,-0.142,-0.099,0.095,-0.005,0.101,-0.069
888,4g71,oxidoreductase,HEM_A_602,0,HIS-HIS,HIS,HIS,356.0,-0.816,0.597,-0.033,-0.003,0.021,-0.186,0.155,0.029,0.108,-0.03,0.05,0.015
890,4g7q,oxidoreductase,HEM_A_602,0,HIS-HIS,HIS,HIS,347.0,-0.772,0.754,0.216,-0.169,0.029,0.202,0.052,-0.16,0.251,-0.08,0.018,-0.021
891,4g7s,oxidoreductase,HEM_A_602,0,HIS-HIS,HIS,HIS,337.0,-0.787,0.484,0.118,-0.062,0.001,0.129,0.093,-0.042,0.007,0.079,-0.014,-0.037
897,4gp4,oxidoreductase,HEM_A_602,0,HIS-HIS,HIS,HIS,356.0,-1.044,0.564,0.083,-0.169,0.021,0.154,0.184,0.057,0.239,-0.028,0.039,-0.048
898,4gp5,oxidoreductase,HEM_A_602,0,HIS-HIS,HIS,HIS,342.0,-0.786,0.608,0.326,-0.093,0.009,-0.038,0.294,0.146,0.173,-0.021,-0.004,-0.138
899,4gp8,oxidoreductase,HEM_A_602,0,HIS-HIS,HIS,HIS,372.0,-0.853,0.608,0.037,-0.157,0.008,0.267,-0.038,-0.181,0.24,0.009,0.086,0.021
946,4kvk,oxidoreductase,HEM_A_701,0,HIS-HIS,HIS,HIS,408.0,-0.304,0.327,0.078,-0.32,-0.018,-0.093,-0.202,-0.001,0.065,0.081,0.0,0.068
961,4mu5,oxygen carrier,HEM_A_201,0,HIS-HIS,HIS,HIS,545.0,-0.034,0.363,-0.021,-0.147,-0.035,0.212,-0.028,0.017,0.298,0.027,0.036,0.005
962,4n4y,oxidoreductase,HEM_A_602,0,HIS-HIS,HIS,HIS,354.0,-0.938,0.512,-0.136,-0.171,0.012,0.046,-0.032,-0.185,0.158,-0.11,0.02,0.021
982,4nzi,oxygen carrier,HEM_A_201,0,HIS-HIS,HIS,HIS,482.0,-0.106,0.473,-0.117,-0.306,0.0,0.243,-0.064,-0.004,0.104,-0.102,-0.07,-0.012
983,4o1t,oxygen carrier,HEM_A_201,0,HIS-HIS,HIS,HIS,530.0,-0.112,0.171,-0.169,-0.147,-0.008,0.162,-0.173,0.003,-0.037,-0.089,-0.032,-0.052
984,4o4t,oxygen carrier,HEM_A_201,0,HIS-HIS,HIS,HIS,529.0,0.066,0.629,0.031,-0.373,-0.017,0.189,-0.026,-0.018,0.233,-0.104,0.046,0.024
985,4o4z,oxygen carrier,HEM_A_201,0,HIS-HIS,HIS,HIS,532.0,-0.021,0.461,-0.006,-0.276,-0.018,0.202,-0.009,0.003,0.069,-0.068,0.026,-0.015
999,4pqb,oxygen carrier,HEM_A_201,0,HIS-HIS,HIS,HIS,472.0,0.277,0.017,-0.088,-0.699,-0.082,0.164,0.013,0.031,0.513,-0.001,0.113,-0.158
1061,4xxl,electron transporter,HEC_A_201,0,HIS-HIS,HIS,HIS,405.0,0.294,-0.774,-0.185,-0.05,0.025,0.001,-0.07,-0.045,0.016,0.116,-0.002,0.044
1064,4yxd,electron transporter,HEM_C_301,0,HIS-HIS,HIS,HIS,522.0,-0.202,0.358,0.279,0.012,-0.001,0.099,-0.013,0.002,-0.122,0.034,0.031,-0.061
1110,5eet,oxygen carrier,HEM_A_201,0,HIS-HIS,HIS,HIS,533.0,0.046,0.508,-0.066,0.056,0.012,0.123,-0.053,-0.013,0.059,-0.081,0.024,-0.013
1113,5eoh,oxygen carrier,HEM_A_201,0,HIS-HIS,HIS,HIS,483.0,0.123,0.601,-0.064,0.133,0.01,0.146,-0.038,-0.033,-0.033,-0.246,0.03,-0.017
1114,5eqm,oxygen carrier,HEM_A_201,0,HIS-HIS,HIS,HIS,455.0,0.168,0.632,-0.071,0.189,-0.021,0.112,-0.023,-0.006,-0.036,-0.086,0.019,-0.002
1117,5eu2,oxygen carrier,HEM_A_201,0,HIS-HIS,HIS,HIS,523.0,0.242,0.37,-0.143,0.092,-0.015,0.199,0.021,0.003,0.013,-0.168,-0.038,-0.024
1118,5ev5,oxygen carrier,HEM_A_201,0,HIS-HIS,HIS,HIS,516.0,0.247,0.409,-0.128,0.081,-0.008,0.204,0.028,0.001,0.015,-0.197,-0.035,-0.017
1120,5eyj,oxygen carrier,HEM_A_201,0,HIS-HIS,HIS,HIS,493.0,0.342,0.533,-0.062,0.211,-0.006,0.232,-0.009,-0.044,0.126,-0.054,-0.078,-0.002
1121,5eys,oxygen carrier,HEM_A_201,0,HIS-HIS,HIS,HIS,501.0,-0.033,0.353,-0.075,0.028,0.019,0.141,-0.038,-0.017,-0.042,-0.13,0.026,-0.05
1122,5f0b,oxygen carrier,HEM_A_201,0,HIS-HIS,HIS,HIS,433.0,-0.018,0.507,-0.128,0.052,-0.036,0.16,0.031,0.033,0.166,-0.028,0.084,-0.045
1123,5f2a,oxygen carrier,HEM_A_201,0,HIS-HIS,HIS,HIS,451.0,-0.065,0.512,-0.067,0.131,-0.011,0.102,0.013,0.025,0.188,-0.037,0.028,-0.008
1194,5mjc,oxygen carrier,HEM_A_201,0,HIS-HIS,HIS,HIS,492.0,0.096,0.49,-0.004,0.134,0.04,0.139,-0.021,-0.05,-0.079,-0.076,0.102,-0.042
1195,5mjd,oxygen carrier,HEM_A_201,0,HIS-HIS,HIS,HIS,524.0,0.059,0.368,-0.033,-0.046,0.02,0.083,-0.062,0.033,-0.05,0.031,0.096,-0.068
1200,5ndc,oxidoreductase,HEM_A_602,0,HIS-HIS,HIS,HIS,394.0,-0.408,0.532,0.215,-0.06,-0.01,0.142,0.006,0.019,-0.057,0.08,-0.032,-0.088
1202,5nvi,oxygen carrier,HEM_A_201,0,HIS-HIS,HIS,HIS,538.0,0.006,0.48,-0.069,-0.006,0.016,0.122,-0.026,-0.01,-0.108,-0.004,0.038,-0.031
1203,5nw6,oxygen carrier,HEM_A_201,0,HIS-HIS,HIS,HIS,530.0,0.012,0.499,-0.082,0.018,0.028,0.126,-0.029,-0.002,-0.042,-0.032,0.03,-0.036
1205,5o17,oxygen carrier,HEM_A_201,0,HIS-HIS,HIS,HIS,514.0,0.018,0.492,-0.069,-0.032,0.021,0.083,-0.029,0.005,0.089,-0.057,0.045,-0.026
1206,5o18,oxygen carrier,HEM_A_201,0,HIS-HIS,HIS,HIS,527.0,0.006,0.538,-0.056,-0.069,0.02,0.184,-0.028,-0.008,0.167,-0.126,0.032,0.039
1207,5o1k,oxygen carrier,HEM_A_201,0,HIS-HIS,HIS,HIS,502.0,-0.138,0.587,-0.073,-0.047,-0.002,0.086,-0.018,-0.016,0.118,-0.143,0.075,0.004
1208,5o27,oxygen carrier,HEM_A_201,0,HIS-HIS,HIS,HIS,539.0,-0.026,0.441,-0.015,-0.04,0.018,0.067,-0.012,0.022,0.155,-0.199,0.061,-0.074
1243,5vjs,unclassified,HEM_A_201,0,HIS-HIS,HIS,HIS,421.0,0.188,0.075,-0.021,0.02,0.024,-0.011,-0.032,-0.034,-0.071,-0.03,0.074,-0.049
1244,5vjt,unclassified,HEM_A_203,0,HIS-HIS,HIS,HIS,441.0,0.303,0.142,0.023,-0.054,-0.001,0.083,0.029,0.044,-0.022,0.013,0.068,-0.003
1245,5vju,unclassified,HEM_A_201,0,HIS-HIS,HIS,HIS,412.0,0.003,0.486,0.064,-0.01,0.019,0.092,-0.028,-0.02,-0.083,-0.043,0.019,0.046
1273,5z7e,transferase,HEM_A_204,0,HOH-HOH,HOH,HOH,554.0,-0.029,-0.016,-0.044,-0.155,0.01,0.117,0.048,0.048,-0.052,0.021,0.025,0.046
1276,5zm9,oxidoreductase,HEM_D_201,0,HIS-HIS,HIS,HIS,542.0,-0.14,-1.016,0.102,-0.004,-0.003,0.075,-0.014,-0.008,-0.059,-0.004,0.01,-0.039
1281,6a2j,oxidoreductase,HEM_A_601,0,HIS-HIS,HIS,HIS,417.0,-0.077,0.034,0.004,-0.521,0.023,0.111,-0.018,-0.006,0.204,-0.319,-0.001,-0.025
1309,6eye,oxygen carrier,HEM_A_202,0,HIS-HIS,HIS,HIS,502.0,0.017,0.355,-0.074,0.051,0.032,0.099,-0.058,-0.005,-0.102,-0.016,0.128,-0.055
1326,6h5z,oxygen carrier,HEM_A_201,0,HIS-HIS,HIS,HIS,581.0,0.081,0.384,-0.069,-0.043,-0.005,0.091,0.005,-0.012,0.162,-0.055,0.097,0.034
1327,6h6i,oxygen carrier,HEM_A_201,0,HIS-HIS,HIS,HIS,559.0,0.574,0.452,-0.116,-0.03,0.015,0.032,-0.003,-0.037,0.083,0.029,0.058,-0.032
1328,6h6j,oxygen carrier,HEM_A_201,0,HIS-HIS,HIS,HIS,531.0,0.322,0.424,-0.152,0.066,0.007,0.02,0.0,-0.003,-0.082,0.004,0.077,-0.011
1339,6ied,oxidoreductase,HEM_A_601,0,HIS-HIS,HIS,HIS,418.0,-0.014,-0.006,-0.013,-0.229,0.021,0.009,-0.001,0.002,0.022,0.005,0.048,-0.068
1368,6myo,oxidoreductase,HEM_C_201,0,HIS-HIS,HIS,HIS,451.0,-0.398,-0.268,-0.258,-0.293,-0.015,0.104,-0.028,-0.007,0.13,-0.181,-0.003,-0.027
1369,6myp,oxidoreductase,HEM_C_201,0,HIS-HIS,HIS,HIS,468.0,-0.403,-0.533,-0.145,-0.186,-0.006,0.19,0.092,0.001,0.003,-0.032,-0.008,0.004
1370,6myq,oxidoreductase,HEM_C_201,0,HIS-HIS,HIS,HIS,473.0,-0.272,-0.049,-0.131,-0.262,0.021,0.051,-0.033,-0.013,0.163,-0.129,0.019,-0.047
1371,6myr,oxidoreductase,HEM_C_201,0,HIS-HIS,HIS,HIS,495.0,-0.406,-0.376,-0.161,-0.183,-0.006,0.011,0.052,0.004,0.079,0.025,-0.035,-0.034
1372,6mys,oxidoreductase,HEM_C_201,0,HIS-HIS,HIS,HIS,482.0,-0.374,-0.473,-0.141,-0.207,-0.01,0.064,0.068,0.002,0.007,-0.037,0.0,-0.008
1373,6myt,oxidoreductase,HEM_C_201,0,HIS-HIS,HIS,HIS,482.0,-0.455,-0.34,-0.138,-0.218,-0.004,0.243,0.13,0.0,0.019,-0.039,-0.028,-0.02
1374,6myu,oxidoreductase,HEM_C_201,0,HIS-HIS,HIS,HIS,484.0,-0.333,-0.35,-0.181,-0.223,0.008,0.064,0.06,0.001,0.171,-0.131,-0.04,-0.002
1375,6nzx,oxidoreductase,HEM_A_101,0,HIS-HIS,HIS,HIS,439.0,-0.254,-0.233,-0.037,-0.437,0.021,0.015,-0.018,0.005,0.053,0.021,-0.011,-0.028
1394,6r1q,oxygen carrier,HEM_A_202,0,HIS-HIS,HIS,HIS,511.0,0.055,0.452,-0.083,0.138,-0.011,0.055,0.05,0.012,0.045,-0.184,0.013,-0.035
1396,6ra6,oxygen carrier,HEM_A_201,0,HIS-HIS,HIS,HIS,631.0,0.428,0.7,-0.364,0.077,-0.021,0.026,0.012,-0.008,-0.08,-0.003,-0.034,0.09
1423,6vdp,oxidoreductase,HEC_A_401,0,HIS-HIS,HIS,HIS,554.0,0.413,0.786,-0.075,-0.06,0.0,0.137,-0.117,-0.031,0.049,-0.014,0.051,0.063
1424,6vdq,oxidoreductase,HEC_A_401,0,HIS-HIS,HIS,HIS,557.0,0.331,0.785,-0.161,-0.029,-0.028,0.014,-0.163,-0.049,-0.035,0.056,-0.01,0.013
1425,6vdz,oxidoreductase,HEC_A_401,0,HIS-HIS,HIS,HIS,560.0,0.099,0.392,-0.308,-0.231,-0.001,-0.06,0.079,-0.065,0.039,0.186,-0.032,0.045
1428,6vz6,oxidoreductase,HEM_A_101,0,HIS-HIS,HIS,HIS,460.0,-0.698,-0.435,-0.013,0.005,0.025,0.042,0.117,-0.014,-0.003,0.108,0.056,0.075
1431,6wj6,electron transporter,HEM_E_101,0,HIS-HIS,HIS,HIS,556.0,0.925,-0.011,0.4,-0.092,0.02,-0.098,0.029,0.005,-0.057,-0.055,-0.018,0.017
1460,6zmq,oxidoreductase,HEM_A_701,0,HIS-HIS,HIS,HIS,435.0,-0.387,0.305,-0.062,-0.131,-0.003,-0.174,0.013,-0.006,0.131,0.078,-0.001,-0.009
1466,7bwh,oxidoreductase,HEM_A_201,0,HIS-HIS,HIS,HIS,614.0,0.418,0.165,-0.267,-0.041,-0.001,0.065,-0.015,0.005,-0.064,-0.005,0.019,0.03
1500,7nho,electron transporter,HEM_E_101,0,HIS-HIS,HIS,HIS,648.0,0.48,-0.53,0.72,0.154,0.029,-0.018,0.357,0.02,-0.085,-0.049,0.085,0.107
1501,7nhp,electron transporter,HEM_E_101,0,HIS-HIS,HIS,HIS,589.0,0.289,-0.812,0.376,0.225,0.007,0.37,0.056,-0.013,0.045,-0.282,-0.026,0.059
1502,7nhq,electron transporter,HEM_E_101,0,HIS-HIS,HIS,HIS,606.0,0.564,-0.823,0.532,0.138,0.014,0.189,0.229,0.001,-0.08,-0.217,0.054,0.054
1509,7red,unclassified,HEM_A_301,0,HIS-HIS,HIS,HIS,503.0,0.415,-0.414,0.006,-0.055,0.011,-0.087,-0.119,-0.006,0.042,0.011,-0.016,-0.003
1512,7sa3,electron transporter,HEM_F_101,0,HIS-HIS,HIS,HIS,642.0,0.537,-0.138,-0.069,-0.143,-0.001,-0.127,-0.049,-0.002,-0.038,0.042,0.016,-0.019
