Protein,Organism ,PDB,Heme ID,Variant,Motif ,Ligand,notes,Einheit,pH,EM,Buffer System,Elektrode,Delta EM,delta Em vs WT,calc Em,,Ref. ,,,1
sas,,,,,,,,,,Em (mV vs NHE),,NHE,,DeltaEm (Emwt-Emv),,,,,,
cyt b562,E. coli,1QPU,,F61Y F65Y R98K R106Q ,4-helix ,Met-His,,mV,7.2,62+-5,,NHE,105,,,,1,,,
,,1QPU,,F61I F65YR98K,5-helix ,Met-His,,mV,7.2,66+-4,,NHE,101,,,,,,,
,,1QPU,,F61I F65Y R98G,6-helix ,Met-His,,mV,7.2,57+-2,,NHE,110,,,,,,,
,,1QPU,,F61I F65Y R98A,7-helix ,Met-His,,mV,7.2,65+-5,,NHE,102,,,,,,,
,,1QPU,,F61I F65Y R98L ,8-helix ,Met-His,,mV,7.2,7+-2,,NHE,160,,,,,,,
,,1QPU,,F61I F65Y R98F,9-helix ,Met-His,,mV,7.2,34+-14,,NHE,133,,,,,,,
,,1QPU,,F61I F65Y R98T,10-helix ,Met-His,,mV,7.2,47+-8,,NHE,120,,,,,,,
,,1QPU,,F61I F65Y R106K,11-helix ,Met-His,,mV,7.2,79+-2,,NHE,88,,,,,,,
,,1QPU,,F61I F65Y R106W,12-helix ,Met-His,,mV,7.2,42+-3,,NHE,125,,,,,,,
,,1QPU,,F61I F65Y R106L,13-helix ,Met-His,,mV,7.2,9+-1,,NHE,158,,,,,,,
,,1QPU,,R98W R106K,14-helix ,Met-His,,mV,7.2,67+-3,,NHE,100,,,,,,,
,,1QPU,,R98K R106G ,15-helix ,Met-His,,mV,7.2,103+-2,,NHE,64,,,,,,,
,,1QPU,,R98L R106Q,16-helix ,Met-His,,mV,7.2,116+-9,,NHE,51,,,,,,,
,,1QPU,,R98A R106S,17-helix ,Met-His,,mV,7.2,60+-2,,NHE,107,,,,,,,
,,1QPU,,R98V R106Q ,18-helix ,Met-His,,mV,7.2,116+-3,,NHE,51,,,,,,,
,,1QPU,,R98H,19-helix ,Met-His,,mV,7.2,120+-4,,NHE,47,,,,,,,
,,1QPU,,R98E,20-helix ,Met-His,,mV,7.2,104+-3,,NHE,63,,,,,,,cyt b562
,,1QPU,,R98A,21-helix ,Met-His,,mV,7.2,146+-5,,NHE,21,,,,,,,
,,1QPU,,R98F,22-helix ,Met-His,,mV,7.2,125+-4,,NHE,42,,,,,,,
,,1QPU,,R98G,23-helix ,Met-His,,mV,7.2,117+-1,,NHE,50,,,,,,,
,,1QPU,,R98L,24-helix ,Met-His,,mV,7.2,111+-1,,NHE,56,,,,,,,
,,1QPU,,R98P,25-helix ,Met-His,,mV,7.2,157+-3,,NHE,10,,,,,,,
,,1QPU,,R98W,26-helix ,Met-His,,mV,7.2,66+-4,,NHE,101,,,,,,,
,,1QPU,,R98K,27-helix ,Met-His,,mV,7.2,160+-5,,NHE,7,,,,,,,
,,1QPU,,R106S,28-helix ,Met-His,,mV,7.2,107+-2,,NHE,60,,,,,,,
,,1QPU,,R106K,29-helix ,Met-His,,mV,7.2,145+-2,,NHE,22,,,,,,,
,,1QPU,,R106M ,30-helix ,Met-His,,mV,7.2,99+-1,,NHE,68,,,,,,,
,,1QPU,,R106E,31-helix ,Met-His,,mV,7.2,77+-2,,NHE,90,,,,,,,
cyt c',Rhodospirillum rubrum ,,,wt,,,,mV,,-8,,NHE,,,,,,,,
cyt b559 ,Rhodospirillum rubrum ,,,wt,,,,mV,,400,,NHE,,,,,,,,
cyt c1,Rba. Capsulatus,,,wt,CXXCH,His-Met,,mV,7,320,,SHE,,,,,2,,,
,,,,C144A,,,,mV,,-58,,SHE,,,,,,,,
,,,,C167A,,,,mV,,-49,,SHE,,,,,,,,
,,,,C144A/C167A,,,,mV,,-76,,SHE,,,,,,,,
,,,,C144A/C167A/A181T,,,,mV,,227,,SHE,,,,,,,,
cyt c1,Rhodobacter sphaeroides,,,wt,betaXM,,,mV,,240,,SHE,,,,,,,,
cyt c1,Rhodospirillum rubrum,,,wt,betaXM,,,mV,,320,,SHE,,,,,,,,
,,,,,,,,,,Em in mV vs SHE,,SHE,,,,,,,,cyt c1
cbb3 oxidase,,,,wt,,,,mV,7,-59,,SHE,,,,,3,,,
bovine heart CcO,,,,wt,,,,mV,7,365,,SHE,,,,,,,,
,,,,,,,,,,Em in mV,,SHE,,delta Em vs WT,calc Em Ref.17,,,,,
cyt c6A,Arabidopsis thaliana ,2DGE,,wt ,,,,mV,~7,71,,SHE,,-,,,4,,,
,,2CE0,,I17A/G18A oxidized ,,,,mV,~7,83,,SHE,,,,,,,,
cyt c6A,Arabidopsis thaliana ,2DGE,,wt ,,,,mV,~7,94,,SHE,,-,,,4,,,
,,2CE0,,I17A/G18A oxidized ,,,,mV,~7,89,,SHE,,,,,,,,
,,2V07,,I17A/G18A/V52Q oxidized,,,,mV,~7,168,,SHE,,,,,,,,
,,2V07,,V52Q,,,,mV,~7,180,,SHE,109,,,,,,,
,,2V07,,A31K,,,,mV,~7,105,,SHE,34,,,,,,,
,,2V07,,AA,,,,mV,~7,83,,SHE,12,,,,,,,
,,2V07,,AA-V52Q,,,,mV,~7,168,,SHE,97,,,,,,,
cyt c6,C. Arthrospira maxima,1F1F,A200,wt,,,,mV,~7,314,,SHE,,,112,,,Ref.46,,
,Cladophora glomerata,1LS9,A92,wt,,,,mV,~7,355,,SHE,,,149,,,"Ref.47, (Ref. 17:352) ",,
,Chlamydomonas reinhardtii,1CYI,200,wt ,,,,mV,~7,370,,SHE,,,63,,,,,
,Chlamydomonas reinhardtii,1CYJ,200,wt ,,,,mV,~7,370,,SHE,,,63,,,,,
,Monoraphidium braunii,1CTJ,91,wt,,,,mV,~7,358,,SHE,,,106,,,Ref.44,,
,Phormidium laminosum,2V08,,wt,,,,mV,~7,325,,SHE,,,,,,,,
,,,,Q51V,,,,mV,~7,225,,SHE,-100,,,,,,,
iso-1 cyt c,yeast,2YCC,,K79G,,Met,,mV,7.4,262+-3,,SHE,,,,,5,,,
,,2YCC,,T49V/K79G,,,,mV,7.4,197+-4,,SHE,,,,,,,,
,,2YCC,,T78V/K79G,,,,mV,7.4,275+-3,,SHE,,,,,,,,
,,4Q5P,,K79G,,Lys     ,,mV,7.4,-155,,SHE,,,,,,,,
,,4Q5P,,T49V/K79G,,,,mV,7.4,-151,,SHE,,,,,,,,
,,4Q5P,,T78V/K79G,,,,mV,7.4,-144,,SHE,,,,,,,,
,,,,,,,,mV,,,,SHE,,,,,,,,
,,,,,,,,mV,,,,SHE,,inside H10A24 maquentte,,,,,,
H10A24,,,,FePPIX,4-helix,,single_heme,mV,8.5,-156 +- 7,,SHE,,^,5,"-216 +- 15, -144 +- 15",6,,,
,,,,FeMPIX,,,single_heme,mV,8.5,-196 +- 8,,SHE,,-196 +- 8,-55,"-241, -177",,,,
,,,,heme A,,,single_heme,mV,8.5,18,,SHE,,18,170,"-45, -45",,,,
,,,,FeOMH,,,single_heme,mV,8.5,-12,,SHE,,-12,143,,,,,
H10A24,,,,FePPIX,4-helix,,,mV,4,5,,SHE,,^,5,"-216 +- 15, -144 +- 15",6,,,
,,,,FeMPIX,,,,mV,4,-55,,SHE,,-196 +- 8,-55,"-241, -177",,,,
,,,,heme A,,,,mV,4,170,,SHE,,18,170,"-45, -45",,,,
,,,,FeOMH,,,,mV,4,143,,SHE,,-12,143,,,,,
H10A24,,,,FePPIX,4-helix,,two_heme,mV,8.5,-231,,SHE,,-156 +- 7,5,"-216 +- 15, -144 +- 15",6,,,
,,,,FeMPIX,,,two_heme,mV,8.5,-241,,SHE,,-196 +- 8,-55,"-241, -177",,,,
,,,,heme A,,,two_heme,mV,8.5,-45,,SHE,,18,170,"-45, -45",,,,
H10A24,,,,FePPIX,4-helix,,two_heme,mV,8.5,-159,,SHE,,-156 +- 7,5,"-216 +- 15, -144 +- 15",6,,,
,,,,FeMPIX,,,two_heme,mV,8.5,-177,,SHE,,-196 +- 8,-55,"-241, -177",,,,
,,,,heme A,,,two_heme,mV,8.5,-45,,SHE,,18,170,"-45, -45",,,,
H10A24,,,,FePPIX,4-helix,,,mV,7,-235 +- 15,,SHE,,-156 +- 7,5,"-216 +- 15, -144 +- 15",6,,,
,,,,FeMPIX,,,,mV,7,-285,,SHE,,-196 +- 8,-55,"-241, -177",,,,
,,,,heme A,,,,mV,7,-120,,SHE,,18,170,"-45, -45",,,,
,,,,FeOMH,,,,mV,7,-48,,SHE,,-12,143,,,,,
,,,,FePPIX H10A24-L13R ,,,,mV,,-157 +- 8,,SHE,,,,,,,,
,,,,,,,,,,exp. Em vs SHE,,SHE,,"Em,sol",calc Em,cal. Em Ref. 17,,,,
c2,R. capsulatus,1C2R,A120,,globin,His-Met,ev nur ein guess,eV,7,350,,SHE,,-15,279+-22,98,7,,,
,,1C2R,B120,,globin,His-Met,,eV,7,350,,SHE,,,,136,,,,
c2,E. viridis,1CO6,A108,,globin,His-Met,,eV,7,296,,SHE,,-15,256+-34,100,,Ref.29,,
,,1CRY,108,,globin,His-Met,,eV,7,296,,SHE,,,,86,,,,
,,1IO3,A108,,globin,His-Met,,eV,7,296,,SHE,,,,138,,,,
c,S. cervisiae,1YCC,1,,globin,His-Met,,eV,7,290,,SHE,,-15,320+-7,137,,,,
,,2YCC,104,,globin,His-Met,,eV,7,290,,SHE,,,,89,,,,
c,E. caballus,1GIW,,,globin,His-Met,,eV,7,260,,SHE,,-15,219+-64,,,,,
,,1CRC,A105,,globin,His-Met,,eV,7,260,,SHE,,,,77,,,,
,,1CRC,B105,,globin,His-Met,,eV,7,260,,SHE,,,,47,,,,
,,1HRC,105,,globin,His-Met,,eV,7,260,,SHE,,,,88,,,,
,,1WEJ,F105,,globin,His-Met,,eV,7,260,,SHE,,,,148,,,,
,,2PCB,B105,,globin,His-Met,,eV,7,260,,SHE,,,,206,,,,
c551,P. aeruginosa,,,,globin,His-Met,,eV,7,270,,SHE,,-15,217+-17,,,Ref.25,,
c553,B. pasteurii,1C75,A93,,globin,His-Met,,eV,7,47,,SHE,,-15,86,83,, (Ref. 17: 60),,
b562,E.coli ,1QPU,A107,,4-helix,His-Met,,eV,7,168,,SHE,,-15,253+-35,201,,Ref.22,,
,,256B,A1,,4-helix,His-Met,,eV,7,168,,SHE,,,,127,,,,
,,256B,B1,,4-helix,His-Met,,eV,7,168,,SHE,,,,109,,,,
b5 ,B. taurus ,1CYO,201,wt,a/b,Bis-His,,eV,7,-10,,SHE,,-220,-86+-21,-124,,Ref.20,,
,,1EHB,A201,wt,a/b,Bis-His,,eV,7,-10,,SHE,,,,-131,,,,
b5,Rattus N.  ,1AW3,96,wt,a/b,Bis-His,,eV,7,-102,,SHE,,-220,-101+-34,-268,,Ref.19,,
,,1B5A,95,wt,a/b,Bis-His,,eV,7,-102,,SHE,,,,-166,,,,
b5,B. taurus,1ES1,A201,V61H,a/b,Bis-His,,eV,7,12,,SHE,,-220,15,-106,,Ref.20,,
b5,Rattus N. ,1EUE,A201,V451/V611,a/b,Bis-His,,eV,7,-63,,SHE,,-220,-50+-1,-163,,Ref.21,,
,,,B201,,a/b,Bis-His,,eV,7,-63,,SHE,,,,-158,,,,
f,C. reinhardtii,1EWH,,,b,His-Ntr,,eV,7,350,,SHE,,-13,350+-10,,,,,
c',R. palustris,,,,4-helix,His,,eV,7,94,,SHE,,-111,113+-15,,,,,
c',R. capsulatus,,,,4-helix,His,,eV,7,51,,SHE,,-111,78+-50,,,,,
c',R. molischianum ,,,,4-helix,His,,eV,7,14,,SHE,,-111,-19+-9,,,,,
,,,,,,,,,,Em in eV vs SCE,,SCE,,exp. EM Ref.17,calc Em Ref.17,,,,,
cyt c551,Pseudomonas aeruginosa,351C,0,wild type,CXXCH,His-Met,,eV,7,276+-2,,SCE,,270,214,,8,,,
,,351C,,V13M,CXXCH,His-Met,,eV,7,284+-2,,SCE,,,,,,,,
,,351C,,M22K,CXXCH,His-Met,,eV,7,314+-2,,SCE,,,,,,,,
,,351C,,V13M/M22K,CXXCH,His-Met,,eV,7,306+-3,,SCE,,,,,,,,
,,451C,0,,CXXCH,His-Met,???,eV,7,270,,SCE,,270,194,,,,,
 cyt c552 ,Hydrogenobacter thermophilus,1YNR,,wild type,CXXCH,His-Met,,eV,7,236+-2,,SCE,,,,,,,,
,,1YNR,,M13V,CXXCH,His-Met,,eV,7,177+-1,,SCE,,,,,,,,
,,1YNR,,K22M,CXXCH,His-Met,,eV,7,199+-1,,SCE,,,,,,,,
,,1YNR,,M13V/K22M,CXXCH,His-Met,,eV,,155+-2,,SCE,,,,,,,,
,,1YNR,A81,,,His-Met,,eV,,,,SCE,,215,123,,Ref.43,,,
,,1YNR,B81,,,His-Met,,eV,,,,SCE,,215,84,,,,,
,,1YNR,C81,,,His-Met,,eV,,,,SCE,,215,139,,,,,
,,1YNR,D81,,,His-Met,,eV,,,,SCE,,215,137,,,,,
cyt c3 ,Desulfovibrio desulfuricatts,1UPD,,heme 1,,His-His,oxidiert,eV,,-270,,SCE,,,,,9,,,
,,1UPD,,heme 2,,,oxidiert,eV,,-327.6,,SCE,,,,,,,,
,,1UPD,,heme 3,,,oxidiert,eV,,-339.8,,SCE,,,,,,,,
,,1UPD,,heme 4,,,oxidiert,eV,,-302.8,,SCE,,,,,,,,
cyt c3 ,Desulfovibrio desulfuricatts,1UPD,,heme 1,,His-His,reduziert,eV,,-320.9,,SCE,,,,,9,,,
,,1UPD,,heme 2,,,reduziert,eV,,-291.4,,SCE,,,,,,,,
,,1UPD,,heme 3,,,reduziert,eV,,-324.9,,SCE,,,,,,,,
,,,,heme 4,,,reduziert,eV,,-355.9,,SCE,,,,,,,,
cyt f,"Spinacia oleracea, Brassica campestris",,,wt,b,tyr,,eV,7.5,362+-5,,Platin,,,,,10,,,
cyt c oxidase ,Batch A,,,a,,,,mV,6.7999999999999998,141,,SCE,,,,,11,,,
,,,,,,,,mV,7.2999999999999998,123,,SCE,,,,,,,,
,,,,,,,,mV,7.7000000000000002,111,,SCE,,,,,,,,
,,,,a3,,,,mV,6.7999999999999998,65,,SCE,,,,,,,,
,,,,,,,,mV,7.2999999999999998,36,,SCE,,,,,,,,
,,,,,,,,mV,7.7000000000000002,24,,SCE,,,,,,,,
,Batch B,,,a,,,,mV,6.7000000000000002,134,,SCE,,,,,,,,
,,,,,,,,mV,7.4000000000000004,110,,SCE,,,,,,,,
,,,,,,,,mV,7.7000000000000002,118,,SCE,,,,,,,,
,,,,a3,,,,mV,6.7000000000000002,75,,SCE,,,,,,,,
,,,,,,,,mV,7.4000000000000004,66,,SCE,,,,,,,,
,,,,,,,,mV,7.7000000000000002,72,,SCE,,,,,,,,
cyt b562,E.coli ,,,wt,4-helix,His-Met,,eV,7,167+-5,,NHE,,,,,12,,,
,,,,F65V,,,,eV,,173+-5,,NHE,,,,,,,,
,,,,F61A,,,,eV,,152+-5,,NHE,,,,,,,,
,,,,F61A/F65L,,,,eV,,146+-5,,NHE,,,,,,,,
,,,,F61A/F65M,,,,eV,,142+-5,,NHE,,,,,,,,
,,,,F61L/F65I,,,,eV,,138+-5,,NHE,,,,,,,,
,,,,F61V/F65L,,,,eV,,136+-5,,NHE,,,,,,,,
,,,,F61L/F65L,,,,eV,,135+-5,,NHE,,,,,,,,
,,,,F61V/F65I,,,,eV,,129+-5,,NHE,,,,,,,,
,,,,F61W/F65S,,,,eV,,128+-5,,NHE,,,,,,,,
,,,,F61W/F65C,,,,eV,,125+-5,,NHE,,,,,,,,
,,,,F61W/F65H,,,,eV,,110+-5,,NHE,,,,,,,,
,,,,F61M/F65W,,,,eV,,106+-5,,NHE,,,,,,,,
,,,,F61G,,,,eV,,95+-5,,NHE,,,,,,,,
,,,,F61I/F65Y,,,,eV,,68+-5,,NHE,,,,,,,,
cyt bH,beef heart,,,wt,,,,eV,4.7000000000000002,161,,SHE,,,,,13,,,
,,,,,,,,eV,5.7000000000000002,127,,SHE,,,,,,,,
,,,,,,,,eV,7,95,,SHE,,,,,,,,
,,,,,,,,eV,8.4000000000000004,42,,SHE,,,,,,,,
cyt bL,,,,,,,,eV,4.7000000000000002,31,,SHE,,,,,,,,
,,,,,,,,eV,5.7000000000000002,27,,SHE,,,,,,,,
,,,,,,,,eV,7,-20,,SHE,,,,,,,,
,,,,,,,,eV,8.4000000000000004,-60,,SHE,,,,,,,,
P450 BM3,Bacillus megaterium ,,,F393W,,Cys,ev nur ein guess,eV,,-480,,SHE,,,,,14,,,
,,2HPD,,wt ,,,ev nur ein guess,eV,,-427,,SHE,,,,,,,,
,,2HPD,,F393Y,,,ev nur ein guess,eV,,-418,,SHE,,,,,,,,
,,1JME,,F393H ,,,ev nur ein guess,eV,,-332,,SHE,,,,,,,,
,,1JME,,F393A,,,ev nur ein guess,eV,,-312,,SHE,,,,,,,,
,,1JME,,F393W+AA,,,ev nur ein guess,eV,,-330,,SHE,,,,,,,,
,,1JME,,wt+AA,,,ev nur ein guess,eV,,-289,,SHE,,,,,,,,
,,1JME,,F393Y+AA,,,ev nur ein guess,eV,,-295,,SHE,,,,,,,,
,,1JME,,F393H+AA,,,ev nur ein guess,eV,,-176,,SHE,,,,,,,,
,,1JME,,F393A+AA,,,ev nur ein guess,eV,,-151,,SHE,,,,,,,,
,,,,,,,ev nur ein guess,eV,,exp. Em vs NHE,,NHE,,Cal.EM,,,,,,
c2,R.Centenum,1JDL,125,,,His-Met,ev nur ein guess,eV,,293,,NHE,,95,,,17,Ref.26,,
,R.Palustris,1FJ0,A115,,,His-Met,ev nur ein guess,eV,,350,,NHE,,154,,,,Ref.27,,
,,1FJ0,B115,,,His-Met,ev nur ein guess,eV,,350,,NHE,,144,,,,,,
,,1FJ0,C115,,,His-Met,ev nur ein guess,eV,,350,,NHE,,134,,,,,,
,,1FJ0,D115,,,His-Met,ev nur ein guess,eV,,350,,NHE,,150,,,,,,
,,1J8P,A115,,,His-Met,ev nur ein guess,eV,,350,,NHE,,130,,,,,,
,,1J8P,B115,,,His-Met,ev nur ein guess,eV,,350,,NHE,,149,,,,,,
,,1J8P,C115,,,His-Met,ev nur ein guess,eV,,350,,NHE,,137,,,,,,
,,1J8P,D115,,,His-Met,ev nur ein guess,eV,,350,,NHE,,165,,,,,,
,R.Sphaeroides,1CXC,125,,,His-Met,ev nur ein guess,eV,,355,,NHE,,89,,,,Ref.28,,
c3,D. d. Norway,1CZJ,119,,,Bis-His,ev nur ein guess,eV,,-318,,NHE,,-326,,,,Ref.30,,
,,1CZJ,120,,,Bis-His,ev nur ein guess,eV,,-350,,NHE,,-351,,,,,,
,,1CZJ,121,,,Bis-His,ev nur ein guess,eV,,-280,,NHE,,-319,,,,,,
,,1CZJ,122,,,Bis-His,ev nur ein guess,eV,,-150,,NHE,,-221,,,,,,
,D. Gigas,1GYO,A111,,,Bis-His,ev nur ein guess,eV,,-260,,NHE,,-226,,,,Ref.31,,
,,1GYO,A112,,,Bis-His,ev nur ein guess,eV,,-295,,NHE,,-356,,,,,,
,,1GYO,A113,,,Bis-His,ev nur ein guess,eV,,-180,,NHE,,-99,,,,,,
,,1GYO,A114,,,Bis-His,ev nur ein guess,eV,,-280,,NHE,,-242,,,,,,
,,1GYO,B111,,,Bis-His,ev nur ein guess,eV,,-260,,NHE,,-265,,,,,,
,,1GYO,B112,,,Bis-His,ev nur ein guess,eV,,-295,,NHE,,-347,,,,,,
,,1GYO,B113,,,Bis-His,ev nur ein guess,eV,,-180,,NHE,,-127,,,,,,
,,1GYO,B114,,,Bis-His,ev nur ein guess,eV,,-280,,NHE,,-221,,,,,,
,D. vulgaris M,1J0O,A1001,,,Bis-His,ev nur ein guess,eV,,-263,,NHE,,-156,,,,Ref.32,,
,,1J0O,A1002,,,Bis-His,ev nur ein guess,eV,,-340,,NHE,,-414,,,,,,
,,1J0O,A1003,,,Bis-His,ev nur ein guess,eV,,-291,,NHE,,-323,,,,,,
,,1J0O,A1004,,,Bis-His,ev nur ein guess,eV,,-318,,NHE,,-336,,,,,,
,,2CDV,1,,,Bis-His,ev nur ein guess,eV,,-318,,NHE,,-339,,,,,,
,,2CDV,2,,,Bis-His,ev nur ein guess,eV,,-340,,NHE,,-408,,,,,,
,,2CDV,3,,,Bis-His,ev nur ein guess,eV,,-263,,NHE,,-237,,,,,,
,,2CDV,4,,,Bis-His,ev nur ein guess,eV,,-291,,NHE,,-301,,,,,,
,D. vulgaris ,2CTH,A109,,,Bis-His,ev nur ein guess,eV,,-305,,NHE,,-305,,,,Ref.33,,
,,2CTH,A110,,,Bis-His,ev nur ein guess,eV,,-345,,NHE,,-420,,,,,,
,,2CTH,A111,,,Bis-His,ev nur ein guess,eV,,-250,,NHE,,-230,,,,,,
,,2CTH,A112,,,Bis-His,ev nur ein guess,eV,,-305,,NHE,,-308,,,,,,
,,2CTH,B109,,,Bis-His,ev nur ein guess,eV,,-305,,NHE,,-310,,,,,,
,,2CTH,B110,,,Bis-His,ev nur ein guess,eV,,-345,,NHE,,-415,,,,,,
,,2CTH,B111,,,Bis-His,ev nur ein guess,eV,,-250,,NHE,,-236,,,,,,
,,2CTH,B112,,,Bis-His,ev nur ein guess,eV,,-305,,NHE,,-327,,,,,,
,D. Africanus,3CAO,A104,,,Bis-His,ev nur ein guess,eV,,-210,,NHE,,-197,,,,Ref.34,,
,,3CAO,A105,,,Bis-His,ev nur ein guess,eV,,-270,,NHE,,-352,,,,,,
,,3CAO,A106,,,Bis-His,ev nur ein guess,eV,,-260,,NHE,,-347,,,,,,
,,3CAO,A107,,,Bis-His,ev nur ein guess,eV,,-240,,NHE,,-228,,,,,,
,,3CAR,A104,,,Bis-His,ev nur ein guess,eV,,-210,,NHE,,-194,,,,,,
,,3CAR,A105,,,Bis-His,ev nur ein guess,eV,,-270,,NHE,,-333,,,,,,
,,3CAR,A106,,,Bis-His,ev nur ein guess,eV,,-260,,NHE,,-275,,,,,,
,,3CAR,A107,,,Bis-His,ev nur ein guess,eV,,-240,,NHE,,-211,,,,,,
c,S. Oneidensis,1M1R,A801,,,Bis-His,ev nur ein guess,eV,,-248,,NHE,,-339,,,,Ref.35,,
,,1M1R,A802,,,Bis-His,ev nur ein guess,eV,,-219,,NHE,,-299,,,,,,
,,1M1R,A803,,,Bis-His,ev nur ein guess,eV,,-138,,NHE,,-187,,,,,,
,,1M1R,A804,,,Bis-His,ev nur ein guess,eV,,-192,,NHE,,-218,,,,,,
c4,P. Stutzeri,1ETP,A199,,,His-Met,ev nur ein guess,eV,,237,,NHE,,71,,,,Ref.36,,
,,1ETP,A200,,,His-Met,ev nur ein guess,eV,,330,,NHE,,177,,,,,,
,,1ETP,B199,,,His-Met,ev nur ein guess,eV,,330,,NHE,,164,,,,,,
,,1ETP,B200,,,His-Met,ev nur ein guess,eV,,237,,NHE,,82,,,,,,
,A. Ferrooxidans,1H1O,A1184,,,His-Met,ev nur ein guess,eV,,350,,NHE,,118,,,,Ref.37,,
,,1H1O,A1185,,,His-Met,ev nur ein guess,eV,,450,,NHE,,113,,,,,,
,,1H1O,B1185,,,His-Met,ev nur ein guess,eV,,350,,NHE,,177,,,,,,
,,1H1O,B1186,,,His-Met,ev nur ein guess,eV,,450,,NHE,,216,,,,,,
c549,Synechocystis sp,1E+029,A136,,,Bis-His,ev nur ein guess,eV,,-250,,NHE,,-209,,,,Ref.38,,
,C. A. Maxima,1F1C,A200,,,Bis-His,ev nur ein guess,eV,7,-260+-20,,NHE,,-268,,,,Ref.39,"very old, 1966",
,,1F1C,B400,,,Bis-His,ev nur ein guess,eV,,-260+-20,,NHE,,-269,,,,,,
c550,T. elongatus,1MZ4,A135,,,Bis-His,ev nur ein guess,eV,,-240,,NHE,,-255,,,,Ref.40,,
,P. versutus,2BGV,X1121,,,His-Met,ev nur ein guess,eV,,255,,NHE,,0,,,,Ref.41,,
c552,P.Nautica,1CNO,A200,,,His-Met,ev nur ein guess,eV,,250,,NHE,,109,,,,Ref.42,,
,,1CNO,B200,,,His-Met,ev nur ein guess,eV,,250,,NHE,,51,,,,,,
,,1CNO,C200,,,His-Met,ev nur ein guess,eV,,250,,NHE,,79,,,,,,
,,1CNO,D200,,,His-Met,ev nur ein guess,eV,,250,,NHE,,39,,,,,,
,,1CNO,E200,,,His-Met,ev nur ein guess,eV,,250,,NHE,,67,,,,,,
,,1CNO,F200,,,His-Met,ev nur ein guess,eV,,250,,NHE,,76,,,,,,
,,1CNO,G200,,,His-Met,ev nur ein guess,eV,,250,,NHE,,92,,,,,,
,,1CNO,H200,,,His-Met,ev nur ein guess,eV,,250,,NHE,,119,,,,,,
c7,D. acetoxidans,1HH5,A69,,,Bis-His,ev nur ein guess,eV,,-200,,NHE,,-277,,,,Ref.48,,
,,1HH5,A70,,,Bis-His,ev nur ein guess,eV,,-140,,NHE,,-165,,,,,,
,,1HH5,A71,,,Bis-His,ev nur ein guess,eV,,-200,,NHE,,-181,,,,,,
Q. A. Dehydrogenasse,P. denitrificans,1JJU,A991,,,His-Met,ev nur ein guess,eV,,235,,NHE,,103,,,,Ref.49,,
,,1JJU,A992,,,Bis-His,ev nur ein guess,eV,,149,,NHE,,2,,,,,,
Hemoglobin,monoeric clam,1EBT,144,,,mono-His,ev nur ein guess,eV,,103,,NHE,,95,,,,,,
,,1BOB,144,,,mono-His,ev nur ein guess,eV,,103,,NHE,,59,,,,,,
,,1FLP,143,,,mono-His,ev nur ein guess,eV,,103,,NHE,,48,,,,,,
,,1MOH,143,,,mono-His,ev nur ein guess,eV,,103,,NHE,,67,,,,,,
Myoglobin,sperm whale,1A6G,154,,,mono-His,ev nur ein guess,eV,,50,,NHE,,57,,,,Ref.50,,
,,1A6K,154,,,mono-His,ev nur ein guess,eV,,50,,NHE,,5,,,,,,
,,1A6M,154,,,mono-His,ev nur ein guess,eV,,50,,NHE,,22,,,,,,
,,1HJT,160,,,mono-His,ev nur ein guess,eV,,50,,NHE,,53,,,,,,
,,1JP6,A200,,,mono-His,ev nur ein guess,eV,,50,,NHE,,-29,,,,,,
,,1JP9,A200,,,mono-His,ev nur ein guess,eV,,50,,NHE,,9,,,,,,
cyt. C Peroxidase,P. aeruginosa,1EB7,A401,,,Bis-His,ev nur ein guess,eV,,-330,,NHE,,-265,,,,Ref.51,,
,,1EB7,A402,,,His-Met,ev nur ein guess,eV,,320,,NHE,,133,,,,,,
,,1EB7,B401,,,Bis-His,ev nur ein guess,eV,,-330,,NHE,,-260,,,,,,
,,1EB7,B402,,,His-Met,ev nur ein guess,eV,,320,,NHE,,123,,,,,,
,N. europaea,1IQC,A401,,,mono-His,ev nur ein guess,eV,,-260,,NHE,,-175,,,,Ref.52,,
,,1IQC,A402,,,His-Met,ev nur ein guess,eV,,450,,NHE,,264,,,,,,
,,1IQC,B401,,,mono-His,ev nur ein guess,eV,,-260,,NHE,,-244,,,,,,
,,1IQC,B402,,,His-Met,ev nur ein guess,eV,,450,,NHE,,246,,,,,,
,,1IQC,C401,,,mono-His,ev nur ein guess,eV,,-260,,NHE,,-178,,,,,,
,,1IQC,C402,,,His-Met,ev nur ein guess,eV,,450,,NHE,,261,,,,,,
,,1IQC,D401,,,mono-His,ev nur ein guess,eV,,-260,,NHE,,-148,,,,,,
,,1IQC,D402,,,His-Met,ev nur ein guess,eV,,450,,NHE,,306,,,,,,
c'',M. methylotrophus,1GU2,A125,,,Bis-His,ev nur ein guess,eV,,-60,,NHE,,-230,,,,Ref.53,,
,,1GU2,B125,,,Bis-His,ev nur ein guess,eV,,-60,,NHE,,-184,,,,,,
bc1,B. Taurus,1BE3,C1,,,Bis-His,ev nur ein guess,eV,,-10,,NHE,,4,,,,Ref.54,,
,,1BE3,C2,,,Bis-His,ev nur ein guess,eV,,100,,NHE,,100,,,,,,
,,1BE3,D3,,,His-Met,ev nur ein guess,eV,,250,,NHE,,213,,,,,,
Cyto c Oxi,Rb. Sphaeroides,2GSM,A2001,,,Bis-His,ev nur ein guess,eV,,300,,NHE,,261,,,,Ref.55,,
RC,R.Viridis,1DXR,C401,,,His-Met,ev nur ein guess,eV,,-60,,NHE,,14,,,,Ref.56,,
,,1DXR,C402,,,His-Met,ev nur ein guess,eV,,310,,NHE,,283,,,,,,
,,1DXR,C403,,,His-Met,ev nur ein guess,eV,,380,,NHE,,336,,,,,,
,,1DXR,C404,,,Bis-His,ev nur ein guess,eV,,20,,NHE,,-197,,,,,,
cyt c554,Nitrosomonas europaea,1BVB,Heme 1,,,Bis-His,,eV,7,47,,NHE,,,,,18,,,
,,1BVB,Heme 2,,,His,,eV,7,47,,NHE,,,,,,,,
,,1BVB,Heme 3,,,Bis-His,,eV,7,-147,,NHE,,,,,,,,
,,1BVB,Heme 4,,,Bis-His,,eV,7,-276,,NHE,,,,,,,,
c553,C. reinhardi,,,,,,,eV,7,370,,NHE,,,,,45,,,
,Porphyra terera,,,,,,,eV,7,335,,NHE,,,,,,,,
,Euglena gracilis,,,,,,,eV,7,370,,NHE,,,,,,,,
,parsley ,,,,,,,eV,7,365,,NHE,,,,,,,,
cystationine beta synthase,human ,1JBQ,,,,Cys-His,,eV,7.2000000000000002,-291+-5,,NHE,,,,,57,,,
chloroperoxidase,Leptoxyphium fumago,1CPO,,,,,,eV,6.9000000000000004,-138,,NHE,,,,,58,,,
,,1CPO,,,,,,eV,6.75,-110,,NHE,,,,,,,,
,,1CPO,,,,,,eV,6.7000000000000002,-121+-6,,NHE,,,,,,,,
,,1CPO,,,,,,eV,6.3499999999999996,-115,,NHE,,,,,,,,
,,1CPO,,,,,,eV,6.2999999999999998,-103+-3,,NHE,,,,,,,,
,,1CPO,,,,,,eV,6.2000000000000002,-95,,NHE,,,,,,,,
,,1CPO,,,,,,eV,5.8499999999999996,-85,,NHE,,,,,,,,
,,1CPO,,,,,,eV,5.7000000000000002,-62+-6,,NHE,,,,,,,,
,,1CPO,,,,,,eV,5.2000000000000002,-46,,NHE,,,,,,,,
,,1CPO,,,,,,eV,5.0999999999999996,-30,,NHE,,,,,,,,
,,1CPO,,,,,,eV,4.75,4,,NHE,,,,,,,,
,,1CPO,,,,,,eV,4.5999999999999996,80,,NHE,,,,,,,,
,,1CPO,,,,,,eV,4.5,85,,NHE,,,,,,,,
,,1CPO,,,,,,eV,4.0999999999999996,84+-4,,NHE,,,,,,,,
,,1CPO,,,,,,eV,4,86,,NHE,,,,,,,,
,,1CPO,,,,,,eV,3.8999999999999999,90,,NHE,,,,,,,,
,,1CPO,,,,,,eV,3.7000000000000002,100,,NHE,,,,,,,,
,,1CPO,,,,,,eV,3.3999999999999999,114,,NHE,,,,,,,,
,,1CPO,,,,,,eV,3,144+-1,,NHE,,,,,,,,
,,1CPO,,,,CO,,eV,6.5499999999999998,56,,NHE,,,,,,,,
,,1CPO,,,,,,eV,6.0999999999999996,53,,NHE,,,,,,,,
,,1CPO,,,,,,eV,5.7000000000000002,65,,NHE,,,,,,,,
,,1CPO,,,,,,eV,5.1500000000000004,66,,NHE,,,,,,,,
,,1CPO,,,,,,eV,5.0999999999999996,60,,NHE,,,,,,,,
,,1CPO,,,,,,eV,4.5,84,,NHE,,,,,,,,
,,1CPO,,,,,,eV,4.2999999999999998,90,,NHE,,,,,,,,
,,1CPO,,,,,,eV,4.0999999999999996,106,,NHE,,,,,,,,
,,1CPO,,,,,,eV,3.7999999999999998,112,,NHE,,,,,,,,
iNOS,,1NSI,,,,,,eV,7,-347,,NHE,,,,,59,,,
,,1NSI,,,,Arg,,eV,,-235,,NHE,,,,,,,,
,,1NSI,,,,H4B,,eV,7,-295,,NHE,,,,,,,,
,,1NSI,,,,"H4B, Arg",,eV,7,-263,,NHE,,,,,,,,
,,1NSI,,,,"H4B, aminoguan",,eV,7,-279,,NHE,,,,,,,,
,,1NSI,,,,"H4B, SEITU",,eV,7,-322,,NHE,,,,,,,,
,,1NSI,,,,"H4B, L-NAME",,eV,7,-460,,NHE,,,,,,,,
nNOS,,1NSI,,,,,,eV,7,-239,,NHE,,,,,,,,
,,1NSI,,,,Arg,,eV,7,-220,,NHE,,,,,,,,
,,1NSI,,,,H4B,,eV,7,-257,,NHE,,,,,,,,
,,1NSI,,,,"H4B, Arg",,eV,7,-248,,NHE,,,,,,,,
,,1NSI,,,,"H4B, aminoguan",,eV,7,-247,,NHE,,,,,,,,
,,1NSI,,,,"H4B, SEITU",,eV,7,-281,,NHE,,,,,,,,
,,1NSI,,,,"H4B, L-NAME",,eV,7,-460,,NHE,,,,,,,,
CooA,Rhodospirillum rubrum,4K8F,,wt,,Cys-His,,eV,7,-320,,NHE,,,,,60,,,
,,4K8F,,H77G,,,,eV,7,-420,,NHE,,,,,,,,
cyt c,,4K8F,,Met80Cys,,Cys-His,,eV,7,-390,,NHE,,,,,57,,,
SoxXA,Paracoccus pantotrophus,2C1D,Heme1,,Cys-X-Y-Cys-His,Cys-His,,eV,7,?,,NHE,,,,,61,,,
,,2C1D,Heme2,,,Css-His,,eV,7,-432+-15,,NHE,,,,,,,,
,,2C1D,Heme3,,,Met-His,,eV,7,189+-15,,NHE,,,,,,,,
cytochrome bound,R. sulfidophilum,,,,,Cys-His,,eV,,-160,,NHE,,,,,57,,,
c550,T.elongatus,,,His92Cys,,Cys-His,,eV,6.5,-300,,NHE,,,,,62,,,
cyt cd1 nitrite reductase,P. Pantotrophus,1H9X,c heme,,,His-Met,,eV,7,60+-5,,SHE,,,,,64,,,
,,,d1 heme,,,Tyr-His,,eV,7,,,SHE,,,,,,,,
,P.aeruginosa,1GYQ,c heme ,when d1 heme is unbound,b-sheet,His-Met,,eV,6.5999999999999996,290,,SHE,,,,,65,,,
,,1GYQ,,,,,,eV,7,291,,SHE,,,,,,,,
,,1GYQ,,,,,,eV,9.0999999999999996,255,,SHE,,,,,,,,
,,1GYQ,c heme,when d1 heme is CO bound,,His-Met,,eV,7,214,,SHE,,,,,,,,
,,1GYQ,,,,,,eV,9,175,,SHE,,,,,,,,
,,1GYQ,c heme ,when d1 heme is NO bound,,His-Met,,eV,8,290,,SHE,,,,,,,,
,,1GYQ,c heme ,in the d1 depleted protein,,His-Met,,eV,7,380,,SHE,,,,,,,,
,,1GYQ,d1 heme,,,,,eV,7,287,,SHE,,,,,,,,
,Preudomonas nautica,,c heme ,,,,,eV,,234,,SHE,,,,,66,,,
,,,d1 heme ,,,,,eV,,199,,SHE,,,,,,,,
,Marinobacter hydrocarbonoclasticus,,c heme,,,,,eV,,234,,SHE,,,,,,,,
,,,d1 heme ,,,,,eV,,200,,SHE,,,,,,,,
iso-1-cytochrome c,Â Saccharomyces cerevisiae S288C,4MU8,,wt,,Met-His,,eV,7,269,,SHE,,,,,63,,,
,,4MU8,,,,Met-His,,eV,7,229,,SHE,,,,,,,,
,,4MU8,,Phe82His,,His-His,,eV,7,-148,,SHE,,,,,,,,
,,4MU8,,Cys102Ser/imisazole,,Met-His,,eV,7,255,,SHE,,,,,,,,
,,4MU8,,wt,,Met-His,,eV,6,290+-2,,SHE,,,,,67,,,
,,4MU8,,Y48F,,,,eV,6,263+-2,,SHE,,,,,,,,
,,4MU8,,Y48H,,,,eV,6,210+-2,,SHE,,,,,,,,
,,4MU8,,Y48K,,,,eV,6,407+-2,,SHE,,,,,,,,
,,4MU8,,N52A,,,,eV,6,262+-2,,SHE,,,,,,,,
,,4MU8,,N52I,,,,eV,6,232+-2,,SHE,,,,,,,,
,,4MU8,,W59F,,,,eV,6,253+-2,,SHE,,,,,,,,
,,4MU8,,W59F/Y48F,,,,eV,6,220+-2,,SHE,,,,,,,,
,,4MU8,,Y67F,,,,eV,6,234+-2,,SHE,,,,,,,,
,,4MU8,,K79A,,,,eV,6,292+-2,,SHE,,,,,,,,
,,4MU8,,K79S,,,,eV,6,234+-2,,SHE,,,,,,,,
,,4MU8,,K79T,,,,eV,6,258+-2,,SHE,,,,,,,,
cyt cH,M. Methylotrophus,,,Methanol excess,,,,eV,7,375,,unknown,,,,,68,,,
cyt cL,,,,Methanol excess,,,,eV,7,313,,unknown,,,,,,,,
cyt o,,,,Methanol excess,,,,eV,7,260,,unknown,,,,,,,,
cyt b,,,,Methanol excess,,,,eV,7,109,,unknown,,,,,,,,
cyt b,,,,Methanol excess,,,,eV,7,60,,unknown,,,,,,,,
cyt cH,,,,Methanol limitation ,,,,eV,7,374,,unknown,,,,,,,,
cyt cLM,,,,Methanol limitation ,,,,eV,7,356,,unknown,,,,,,,,
cyt cL,,,,Methanol limitation ,,,,eV,7,310,,unknown,,,,,,,,
cyt b,,,,Methanol limitation ,,,,eV,7,110,,unknown,,,,,,,,
cyt b,,,,Methanol limitation ,,,,eV,7,61,,unknown,,,,,,,,
cyt a + a3,,,,Methanol limitation ,,,,eV,7,400,,unknown,,,,,,,,
OmcF,Geobacter sulfurreducens ,6U97,,H47I,,,,eV,6,179.8 +- 2.6,,NHE,,,,,69,,,
,,6U97,,,,,,eV,6,178.0 +- 1.6,,NHE,,,,,,,,
,,6U97,,,,,,eV,6,214.5 +- 3.9,,NHE,,,,,,,,
,,6U97,,H47F,,,,eV,7,153.0 +- 1.8,,NHE,,,,,,,,
,,6U97,,,,,,eV,7,146.0 +- 3.0,,NHE,,,,,,,,
,,6U97,,,,,,eV,7,179.3 +- 2.0,,NHE,,,,,,,,
,,5MCS,,wt,,His,,eV,8,125.0 +- 4.5,,NHE,,,,,,,,
,,3CU4,,wt,,His,,eV,8,125.0 +- 4.5,,NHE,,,,,,,,
,,,,,,,,eV,8,120.3 +- 3.5,,NHE,,,,,,,,
,,,,,,,,eV,8,136.3 +- 2.2,,NHE,,,,,,,,
cyt c peroxidase,,,,wt,,His-His,,eV,7,-172.59999999999999,Potassium phosphate,SHE,0,,,,70,,,
,,,,,,,,eV,7,-177,Bis-tris propane/2-(N-morpholino)ethanesulfonic acid ,SHE,-4.4000000000000004,,,,,,,
,,,,,,,,eV,7,-202.30000000000001,Potassium phosphate + sodium azide,SHE,-29.699999999999999,,,,,,,
,,,,,,,,eV,7,-255.5,Potassium phosphate + sodium fluoride,SHE,-82.900000000000006,,,,,,,
Met-Lys-Thr cyt c peroxidase,,,,,,,,eV,7,-189.69999999999999,Potassium phosphate,SHE,-17.100000000000001,,,,,,,
cyt c peroxidase,,1CCC,,D235A,,,,eV,7,-78,Potassium phosphate,SHE,94.599999999999994,,,,,,,
,,,,W51A,,,,eV,7,-180.90000000000001,Potassium phosphate,SHE,-8.3000000000000007,,,,,,,
,,,,W191S,,,,eV,7,-171.69999999999999,Potassium phosphate,SHE,1,,,,,,,
,,1CMQ,,W191G,,,,eV,7,-164.5,Potassium phosphate,SHE,8.0999999999999996,,,,,,,
,,1CMT,,W191G,,,,eV,7,-164.5,Potassium phosphate,SHE,8.0999999999999996,,,,,,,
,,,,,,,,eV,7,-154.90000000000001,Bis-tris propane/2-(N-morpholino)ethanesulfonic acid ,SHE,17.699999999999999,,,,,,,
,,,,,,,,eV,7,-206.19999999999999,Potassium phosphate (pH 7.2) + sodium azide,SHE,-33.600000000000001,,,,,,,
,,1DJ1,,R48A,,,,eV,7,-150.19999999999999,Potassium phosphate,SHE,22.5,,,,,,,
,,1DJ1,,,,,,eV,7,-202.30000000000001,Bis-tris propane/2-(N-morpholino)ethanesulfonic acid ,SHE,-29.699999999999999,,,,,,,
,,,,H52Q,,,,eV,7,-226.40000000000001,Potassium phosphate,SHE,-53.700000000000003,,,,,,,
,,,,H52A,,,,eV,7,-226.40000000000001,Potassium phosphate,SHE,-53.700000000000003,,,,,,,
,,,,,,,,eV,7,-225.80000000000001,Bis-tris propane/2-(N-morpholino)ethanesulfonic acid ,SHE,-53.200000000000003,,,,,,,
,,1CCK,,F202Y,,His-His,,eV,7,-178.69999999999999,Potassium phosphate,SHE,-6.0999999999999996,,,,,,,
,,3CCX,,A147Y,,,,eV,7,-181.09999999999999,Potassium phosphate,SHE,-8.5,,,,,,,
,,1CCE,,H175G,,,,eV,7,-127,Potassium phosphate,SHE,,,,,,,,
,,1CCG,,H175G,,,,eV,7,-127,Potassium phosphate,SHE,,,,,,,,
,,,,,,,,eV,6,-135.19999999999999,,SHE,,,,,,,,
,,,,,,,,eV,7.2000000000000002,-160,Imodazol,SHE,,,,,,,,
Myoglobin,,,,wt,,His-His,,eV,7,59,,SHE,0,,,,75,,,
,,,,V68N,,,,eV,,-24,,SHE,-83,,,,,,,
,,,,V68E,,,,eV,,-137,,SHE,-196,,,,,,,
,,,,V68D,,,,eV,,-132,,SHE,-191,,,,,,,
FixL,Rhizobium etli,,,wt,PAS,,,eV,7,19.0 +- 11,,NHE,0,,,,71,,,
,,,,wt,,,,eV,9.5,-13.800000000000001,,NHE,,,,,,,,
,,,,,,O2 (air),,eV,7,-12 +-8,,NHE,-31,,,,,,,
,,,,,,O2 (saturated solution),,eV,7,-51 +- 10,,NHE,-70,,,,,,,
,,,,,,CO,,eV,7,21 +- 1.6,,NHE,2,,,,,,,
,,,,,,imz,,eV,7,-57 +- 10,,NHE,-76,,,,,,,
,,,,,,CN,,eV,9.5,-156 +- 4.9,,NHE,-145,,,,,,,
,Bradyrhizobium japanicum,1DRM,,,,,,eV,7,68,,NHE,,,,Ref. 76,,,,
DosP,Escheveria coli ,1V9Z,,,,,,eV,,67,,NHE,,,,,,,,
DosC,Escheveria coli ,,,,Globin,,,eV,,-22,,NHE,,,,,,,,
sGC,Manduca sexta,,b heme ,,HNOB,,,eV,7.4000000000000004,234,,NHE,,,,Ref. 78,,,,
,Bovine,,,,,,,eV,7.5,187,,NHE,,,,Ref.79,,,,
DcrA-N,D. vulgaris ,,c heme ,,cyt c ,His,,eV,7,-250,,NHE,,,,Ref.80,,,,
GSU582,Geobacter sulfurreducens ,,,,PAS,,,eV,8,-156,,NHE,,,,Ref.81,,,,
GSU935,,,,,PAS,,,eV,,-251,,NHE,,,,,,,,
Myoglobin,,,,,non-sensor heme protein,His,,eV,7,46,,NHE,,,,Ref.82,,,,
,,,,,,CN-His,,eV,7,-385 +- 15,,NHE,,,,,,,,
,,,,,,CN-His,,eV,9,-408+-9,,NHE,,,,,,,,
cyt P450 CytP2C9,E.coli ,,,,,Dichlorfenac,,eV,7.4000000000000004,-41,,NHE,,,,Ref.83,,,,
,,,,,,CO,,eV,,8,,NHE,,,,,,,,
,,,,,,O2,,eV,,9,,NHE,,,,,,,,
,,,,,,Torsemide,,eV,,-19,,NHE,,,,,,,,
,,,,,,Tolbutamide,,eV,,-37,,NHE,,,,,,,,
,,,,,,S-Warfarin,,eV,,-366,,NHE,,,,,,,,
,,,,,,Sulfaphenazole,,eV,,-41,,NHE,,,,,,,,
PSM,,,,,,His-His,,eV,8,-283,,NHE,,,,Ref.84,,,,
,,,,Ala to Trp alle!,,,,eV,,-337,,NHE,,,,,,,,
FeMPIW,,,,,,(ImH)2,,eV,,-280,,NHE,,,,,,,,
Microperoxidase-8,,,,,,His-H2O,,eV,7,-139,,NHE,,,,Ref.85,,,,
,,,,,,CN-His,,eV,,-176,,NHE,,,,,,,,
,,,,,,imz-His,,eV,,-203,,NHE,,,,,,,,
,,,,,,Cl-His,,eV,,-118,,NHE,,,,,,,,
,,,,,,Br-His,,eV,,-131,,NHE,,,,,,,,
,,,,,,I-His,,eV,,-159,,NHE,,,,,,,,
,,,,,,SCN-His,,eV,,-184,,NHE,,,,,,,,
,,,,,,N3-His,,eV,,-214,,NHE,,,,,,,,
,,,,,,4-cyanopyridine-His,,eV,,62,,NHE,,,,,,,,
,,,,,,pyridin-His,,eV,,-41,,NHE,,,,,,,,
,,,,,,4-N-N-dimethylaminopyridin-His,,eV,10,-155,,NHE,,,,,,,,
,,,,,,ethanolamine-His,,eV,10,-209,,NHE,,,,,,,,
,,,,,,glycine-His,,eV,9.8000000000000007,-206,,NHE,,,,,,,,
,,,,,,propylamine-His,,eV,10.199999999999999,-223,,NHE,,,,,,,,
DosP,Escheveria coli,,,,PAS,wt,,mV,,67,,SHE,,,,,72,,,
DosP,Escheveria coli,,,,PAS,wt,,mV,,70,,SHE,,,,,72,,,
,,,,,,M95L,,mV,,-1,,SHE,,,,,,,,
,,,,,,M95A,,mV,,-26,,SHE,,,,,,,,
,,,,,,M95H,,mV,,-122,,SHE,,,,,,,,
Cyt c,,,,,,,,mV,,260,,SHE,,,,,,,,
cyt b562,,,,,,,,mV,8.5,140,,SHE,,,,,,,,
,,,,,,,,mV,,,,SHE,,,,,,,,
cyt c,,,,,globin,wt,,mV,7.4000000000000004,39,,SCE,71,,,,Buch,,,
,,,,,,Asn52Ile,,mV,,-10,,SCE,67,,,,,,,
,,,,,,Asn52Ala,,mV,,18,,SCE,70,,,,,,,
,,,,,,Lys72Asp,,mV,,31,,SCE,66,,,,,,,
,,,,,,Lys27Gln,,mV,,33,,SCE,74,,,,,,,
,,,,,,Arg13Ile,,mV,,62,,SCE,68,,,,,,,
cytc/cytb5 komplex,yyeast,,,,,,,mV,7,50,,SCE,50,,,,,,,
Ile52/cytb5,,,,,,,,mV,,-5,,SCE,40,,,,,,,
Ala52/ctb5,,,,,,,,mV,,25,,SCE,25,,,,,,,
Gln27/cytb5,,,,,,,,mV,,25,,SCE,25,,,,,,,
cyt b559,sugar beet leaves,,heme 1,,,His,Micorscopic,,7.5,277 +- 8,,SCE,,,,,74,,,
,,,heme 2,,,,Micorscopic,,,233 +- 9,,SCE,,,,,,,,
,,,heme 3,,,,Micorscopic,,,189 +-9,,SCE,,,,,,,,
,,,,,,,Macroscopic,,,395,,,,,,,,,,
,,,,,,,Macroscopic,,,385,,,,,,,,,,
,,,,,,,Macroscopic,,,350,,,,,,,,,,
,,,,,,,Experimental technique,,,Em in mV vs SHE,,SHE,,,,,,,,
APX,Soybean,,,native,class I plant-type peroxidases,,Thin layer spectroelectrochemistry,mV,7,-159,,SHE,,,,,73,,,
,,,,wt,,,Redox potentiometry,mV,,-206,,SHE,,,,,,,,
,,,,R38A,,,Redox potentiometry,mV,,-239,,SHE,-33,,,,,,,
,,,,R38K,,,Redox potentiometry,mV,,-214,,SHE,-8,,,,,,,
,,,,H42A,,,Redox potentiometry,mV,,-274,,SHE,-68,,,,,,,
,,,,H42A/R38A,,,Redox potentiometry,mV,,-249,,SHE,-43,,,,,,,
,,,,W41A,,,Redox potentiometry,mV,,-227,,SHE,-21,,,,,,,
,,,,W179F,,,Redox potentiometry,mV,,-209,,SHE,-3,,,,,,,
,,,,K30A,,,Redox potentiometry,mV,,-203,,SHE,3,,,,,,,
,,,,K31A,,,Redox potentiometry,mV,,-196,,SHE,10,,,,,,,
,,,,K30R,,,Redox potentiometry,mV,,-200,,SHE,6,,,,,,,
,,,,K31R,,,Redox potentiometry,mV,,-205,,SHE,1,,,,,,,
,,,,K30D,,,Redox potentiometry,mV,,-211,,SHE,-5,,,,,,,
,,,,K31D,,,Redox potentiometry,mV,,-225,,SHE,-19,,,,,,,
,,,,K30a/K31A,,,Redox potentiometry,mV,,-197,,SHE,9,,,,,,,
,,,,K30R/K31R,,,Redox potentiometry,mV,,-192,,SHE,14,,,,,,,
,,,,R172A,,,Redox potentiometry,mV,,-202,,SHE,4,,,,,,,
,,,,R172D,,,Redox potentiometry,mV,,-205,,SHE,1,,,,,,,
,,,,R172K,,,Redox potentiometry,mV,,-198,,SHE,8,,,,,,,
,,,,K30A/R172A,,,Redox potentiometry,mV,,-202,,SHE,4,,,,,,,
,,,,K30R/R172K,,,Redox potentiometry,mV,,-178,,SHE,28,,,,,,,
,,,,K30A/K31A/R172A,,,Redox potentiometry,mV,,-192,,SHE,14,,,,,,,
,,,,K30R/K31R/R172A,,,Redox potentiometry,mV,,-186,,SHE,20,,,,,,,
CcP,S. cerevisiae,,,,,,Redox potentiometry,mV,,-194,,SHE,,,,,,,,
,,,,,,,Photochemicsl redox titration,mV,,-189,,SHE,,,,,,,,
,,,,wt (clone MI),,,Photochemicsl redox titration,mV,,-194,,SHE,,,,,,,,
,,,,wt (clone MKT1),,,Redox potentiometry,mV,,-183,,SHE,,,,,,,,
,,,,wt (clone MKT2,,,Thin layer spectroelectrochemistry,mV,,-186,,SHE,,,,,,,,
,,,,wt /clone MKT2),,,Cyclic voltammetry ,mV,,-95,,SHE,,,,,,,,
,,,,R48K,,,Photochemicsl redox titration,mV,,-186,,SHE,3,,,,,,,
,,,,R48L,,,Photochemicsl redox titration,mV,,-164,,SHE,25,,,,,,,
,,,,R48E ,,,Thin layer spectroelectrochemistry,mV,6,-179,,SHE,-50,,,,,,,
,,,,R48A/W51A/H52A,,,Photochemicsl redox titration,mV,7,-163,,SHE,26,,,,,,,
,,,,R48V/W51V/H52V,,,Photochemicsl redox titration,mV,,-150,,SHE,39,,,,,,,
,,,,R48L/W51L/H52L,,,Photochemicsl redox titration,mV,,-146,,SHE,43,,,,,,,
,,,,W51H,,,Photochemicsl redox titration,mV,,-200,,SHE,-11,,,,,,,
,,,,W51H/H52L,,,Photochemicsl redox titration,mV,,-162,,SHE,27,,,,,,,
,,,,H52D,,,Photochemicsl redox titration,mV,,-221,,SHE,-32,,,,,,,
,,,,H52E,,,Photochemicsl redox titration,mV,,-183,,SHE,6,,,,,,,
,,,,H52N,,,Photochemicsl redox titration,mV,,-259,,SHE,-70,,,,,,,
,,,,H52Q,,,Photochemicsl redox titration,mV,,-224,,SHE,-35,,,,,,,
,,,,H52K,,,Photochemicsl redox titration,mV,,-157,,SHE,32,,,,,,,
,,,,H52L,,,Photochemicsl redox titration,mV,,-170,,SHE,19,,,,,,,
,,,,H52L/W191F,,,Photochemicsl redox titration,mV,,-151,,SHE,38,,,,,,,
,,,,W191F,,,Photochemicsl redox titration,mV,,-187,,SHE,2,,,,,,,
,,,,W191F,,,Photochemicsl redox titration,mV,,-202,,SHE,0.80000000000000004,,,,,,,
,,,,D235A,,,Redox potentiometry,mV,,-78,,SHE,105,,,,,,,
,,,,D235E,,,Redox potentiometry,mV,,-113,,SHE,70,,,,,,,
,,,,D235N,,,Redox potentiometry,mV,,-79,,SHE,104,,,,,,,
,,,,H175Q,,,Photochemicsl redox titration,mV,5.5,-27,,SHE,75,,,,,,,
,,,,E32Q,,,Photochemicsl redox titration,mV,,-168,,SHE,21,,,,,,,
,,,,D34N,,,Photochemicsl redox titration,mV,,-175,,SHE,14,,,,,,,
,,,,D146N,,,Photochemicsl redox titration,mV,,-173,,SHE,16,,,,,,,
,,,,D146N/D148N,,,Photochemicsl redox titration,mV,,-173,,SHE,16,,,,,,,
,,,,A193F,,,Photochemicsl redox titration,mV,,-170,,SHE,19,,,,,,,
,,,,E290N,,,Photochemicsl redox titration,mV,,-177,,SHE,12,,,,,,,
,,,,E291Q,,,Photochemicsl redox titration,mV,,-162,,SHE,27,,,,,,,
KatG,M.tubersulosis,,,wt,,,Square wave voltammtry,mV,7,-58,,SHE,,,,,,,,
,,,,wt,,,Thin layer spectroelectrochemistry,mV,,-28,,SHE,,,,,,,,
,,,,wt,,,Cyclic voltammetry ,mV,,-60,,SHE,,,,,,,,
,,,,S315G,,,Square wave voltammtry,mV,,-77,,SHE,-19,,,,,,,
,,,,S315G,,,Thin layer spectroelectrochemistry,mV,,-21,,SHE,7,,,,,,,
PCC6803,Synechocystis,,,,,,Thin layer spectroelectrochemistry,mV,,-226,,SHE,,,,,,,,
,,,,Y249F,,,Thin layer spectroelectrochemistry,mV,,-222,,SHE,4,,,,,,,
KatG1,Magnaporthe grisea,,,,,,Thin layer spectroelectrochemistry,mV,,-186,,SHE,,,,,,,,
peroxidase,A. ramosus,,,,Class II plant-type peroxidases,,Thin layer spectroelectrochemistry,mV,7,-183,,SHE,,,,,,,,
peroxidase,C. cinereus,,,,,,Thin layer spectroelectrochemistry,mV,6,-219,,SHE,,,,,,,,
,,,,wt,,,Cyclic voltammetry ,mV,7,-20,,SHE,,,,,,,,
,,,,D245,,,Cyclic voltammetry ,mV,,-60,,SHE,-40,,,,,,,
LiP,P. chrysosporium,,,,,,Thin layer spectroelectrochemistry,mV,,-137,,SHE,,,,,,,,
,,,,,,,Cyclic voltammetry ,mV,,-126,,SHE,,,,,,,,
MnP,,,,,,,Thin layer spectroelectrochemistry,mV,,-93,,SHE,,,,,,,,
,,,,wt,,,Cyclic voltammetry ,mV,,-96,,SHE,,,,,,,,
,,,,wt,,,Cyclic voltammetry ,mV,,-25,,SHE,,,,,,,,
,,,,,,,Cyclic voltammetry ,mV,,-122,,SHE,,,,,,,,
,,,,D242E,,,Cyclic voltammetry ,mV,,-162,,SHE,-66,,,,,,,
,,,,D242E,,,Cyclic voltammetry ,mV,,-35,,SHE,-9,,,,,,,
,,,,D242S,,,Cyclic voltammetry ,mV,,-123,,SHE,-27,,,,,,,
,,,,D242S,,,Cyclic voltammetry ,mV,,-35,,SHE,-9,,,,,,,
,,,,F190V,,,Cyclic voltammetry ,mV,,-173,,SHE,-77,,,,,,,
,,,,F190V,,,Cyclic voltammetry ,mV,,-24,,SHE,0-,,,,,,,
,,,,F190L,,,Cyclic voltammetry ,mV,,-82,,SHE,14,,,,,,,
,,,,F190L,,,Cyclic voltammetry ,mV,,-75,,SHE,-51,,,,,,,
,,,,F190W,,,Cyclic voltammetry ,mV,,-51,,SHE,45,,,,,,,
,,,,E35D,,,Cyclic voltammetry ,mV,,-93,,SHE,2,,,,,,,
,,,,E39D,,,Cyclic voltammetry ,mV,,-98,,SHE,-2,,,,,,,
,,,,D179A,,,Cyclic voltammetry ,mV,,-101,,SHE,-5,,,,,,,
MnP,P. tigrinus,,,,,,Cyclic voltammetry ,mV,,167,,SHE,,,,,,,,
HRP A2,,,,,Class III plant-type peroxidase,,Redox potentiometry,mV,7,-190,,SHE,,,,,,,,
HRP-C,,,,,,,Redox potentiometry,mV,,-270,,SHE,,,,,,,,
,,,,,,,Redox potentiometry,mV,,-278,,SHE,,,,,,,,
,,,,,,,Redox potentiometry,mV,,-225,,SHE,,,,,,,,
,,,,,,,Redox potentiometry,mV,,-258,,SHE,,,,,,,,
,,,,,,,Redox potentiometry,mV,,-277,,SHE,,,,,,,,
,,,,,,,Not reportet,mV,,-240,,SHE,,,,,,,,
,,,,,,,Thin layer spectroelectrochemistry,mV,,-306,,SHE,,,,,,,,
,,,,,,,Cyclic voltammetry ,mV,,-270,,SHE,,,,,,,,
,,,,,,,Cyclic voltammetry ,mV,,-254,,SHE,,,,,,,,
,,,,,,,Cyclic voltammetry ,mV,,-67,,SHE,,,,,,,,
,,,,,,,Cyclic voltammetry ,mV,,-136,,SHE,,,,,,,,
,,,,,,,Cyclic voltammetry ,mV,,-145,,SHE,,,,,,,,
,,,,wt,,,Redox potentiometry,mV,,-266,,SHE,,,,,,,,
,,,,wt,,,Redox potentiometry,mV,,-261,,SHE,,,,,,,,
,,,,wt,,,Cyclic voltammetry ,mV,,109,,SHE,,,,,,,,
,,,,R38L,,,Redox potentiometry,mV,,-260,,SHE,-35,,,,,,,
,,,,H42L,,,Redox potentiometry,mV,,-265,,SHE,-40,,,,,,,
,,,,H42E,,,Redox potentiometry,mV,,-258,,SHE,0,,,,,,,
,,,,H42Q,,,Redox potentiometry,mV,,-277,,SHE,-19,,,,,,,
,,,,E64P,,,Redox potentiometry,mV,,-203,,SHE,58,,,,,,,
,,,,E64G,,,Redox potentiometry,mV,,-213,,SHE,48,,,,,,,
,,,,E64S,,,Redox potentiometry,mV,,-199,,SHE,62,,,,,,,
,,,,N70D,,,Redox potentiometry,mV,,-267,,SHE,-6,,,,,,,
,,,,F221M,,,Redox potentiometry,mV,,-260,,SHE,-20,,,,,,,
,,,,F221W,,,Redox potentiometry,mV,,-178,,SHE,83,,,,,,,
,,,,T171S,,,Redox potentiometry,mV,,210,,SHE,101,,,,,,,
Turnip peroxidase,,,,,,,Redox potentiometry,mV,,-222,,SHE,,,,,,,,
Cucumber basic peroxidase,cucumber ,,,,,,Thin layer spectroelectrochemistry,mV,,-320,,SHE,,,,,,,,
MPO,human,,,,Vertebrate peroxidase,,Redox potentiometry,mV,7,21,,SHE,,,,,,,,
,,,,,,,Thin layer spectroelectrochemistry,mV,,5,,SHE,,,,,,,,
,,,,,,,Thin layer spectroelectrochemistry,mV,,1,,SHE,,,,,,,,
,,,,D94V,,,Thin layer spectroelectrochemistry,mV,,-55,,SHE,60,,,,,,,
LPO,bovine,,,,,,Redox potentiometry,mV,,-188,,SHE,,,,,,,,
,,,,,,,Thin layer spectroelectrochemistry,mV,,-176,,SHE,,,,,,,,
,,,,,,,Cyclic voltammetry ,mV,,-124,,SHE,,,,,,,,
EPO,human,,,,,,Thin layer spectroelectrochemistry,mV,,-126,,SHE,,,,,,,,
KatG ,M.tubersulosis,,,wt,class I plant-type peroxidases,CN,Square wave voltammtry,mV,7,-197,,SHE,,,,,,,,
,,,,S315G,,,Square wave voltammtry,mV,,-251,,SHE,,,,,,,,
peroxidase,A. ramosus,,,,Class II plant-type peroxidases,,Thin layer spectroelectrochemistry,mV,,-390,,SHE,,,,,,,,
HRP-C,,,,,Class III plant-type peroxidase,,Redox potentiometry,mV,,-400,,SHE,,,,,,,,
,,,,,,,Thin layer spectroelectrochemistry,mV,,-430,,SHE,,,,,,,,
Cucumber basic peroxidase,cucumber,,,,,,Thin layer spectroelectrochemistry,mV,,-412,,SHE,,,,,,,,
peroxidase,Soybean,1FHF,,,,,Thin layer spectroelectrochemistry,mV,,-443,,SHE,,,,,,,,
MPO,human,,,,Vertebrate peroxidase,,Thin layer spectroelectrochemistry,mV,,-37,,SHE,,,,,,,,
ME1,artificial,,,,,His-His,,mV,6.7000000000000002,-128 +- 3,,SHE,,,,,86,,,
,,,,G25F,,,,mV,,-172 +-5,,SHE,,,,,,,,
,,,,R27F,,,,mV,,-136 +- 6,,SHE,,,,,,,,
,,,,"P-Im2, H2O",,,,mV,,-285,,SHE,,,,,,,,
,,,,"P-Im2, DPC",,,,mV,,-125,,SHE,,,,,,,,
,,,,,,,,mV,,?,,SHE,,,,,,,,
d-fructose dehydrogenase,Gluconobacter japanicus,,heme 1c,rFDH,,,Voltammogram,mV,4.5,-10 +- 4,,SHE,,,,Ref. 88,87,,,
,,,heme 2c,,,,Voltammogram,mV,,60 +- 8,,SHE,,,,,,,,
,,,heme c3 ,,,,Voltammogram,mV,,150 +- 4,,SHE,,,,,,,,
,,,heme 1c,rFDH,,,Redox titration ,mV,,-11 +- 4,,SHE,,,,,,,,
,,,heme 2c,,,,,mV,,65 +- 7,,SHE,,,,,,,,
,,,heme 3c,,,,,mV,,77 +- 7,,SHE,,,,,,,,
,,,heme 1c,M450Q,,,,mV,,-87 +- 8,,SHE,,,,,,,,
,,,heme 2c,,,,,mV,,-55 +- 7,,SHE,,,,,,,,
,,,heme 3c,,,,,mV,,2 +-6,,SHE,,,,,,,,
,,,heme 1c,delta1c,,,,mV,,-54 +- 8,,SHE,,,,,,,,
,,,heme 2c,,,,,mV,,-28 +- 7,,SHE,,,,,,,,
,,,heme 1c,delta1c2c,,,,mV,,-84 +- 2,,SHE,,,,,,,,
,,,heme 1c,M450Q delta1c,,,,mV,,-76 +- 2,,SHE,,,,,,,,
,,,heme 2c,,,,,mV,,-48 +-3,,SHE,,,,,,,,
DOS,Escherichia coli,1V9Z,,wt,,,,mV,,63.9 +- 5,,SHE,,,,,89,,,
DOS,Escherichia coli,1VB6,,wt,,,,mV,,63.9 +- 5,,SHE,,,,,89,,,
,,,,,,,,mV,,70 +- 5,,SHE,,,,,,,,
,,,,,,,,mV,,67 +- 5,,SHE,,,,,,,,
,,,,L99T,,,,mV,,23.1 +- 5,,SHE,,,,,,,,
,,,,L99F,,,,mV,,24.2 +- 5,,SHE,,,,,,,,
,,,,L115T,,,,mV,,34.6 +-5 ,,SHE,,,,,,,,
,,,,M95L,,,,mV,,-1+-5,,SHE,,,,,,,,
,,,,M95A,,,,mV,,-26 +-5 ,,SHE,,,,,,,,
,,,,M95H,,,,mV,,-122 +-5,,SHE,,,,,,,,
,,,,D40A,,,,mV,,95 +-5,,SHE,,,,,,,,
,,,,D40N,,,,mV,,114 +- 5,,SHE,,,,,,,,
undecapeptide (microperoxidase) in micellar solution,,,,,,Val/Lys,Cyclic voltammetry ,eV,7.4000000000000004,-164,,NHE,,,,,93,,,
,,,,,,OH,,eV,DTAB solution,-60,,NHE,,,,,,,,
,,,,,,CN,,eV,7.4000000000000004,-190,,NHE,,,,,,,,
,,,,,,,,eV,DTAB solution,-130,,NHE,,,,,,,,
,,,,,,Imidazole,,eV,7.4000000000000004,-205,,NHE,,,,,,,,
,,,,,,,,eV,DTAB solution,-150,,NHE,,,,,,,,
,,,,,,H2O,,eV,3.5,-70,,NHE,,,,,,,,
,,,,,,,,eV,DTAB solution,0,,NHE,,,,,,,,
GST:CcmCDE,,,,H130A,CXXCH,His-His,,eV,7.2999999999999998,-121 +- 9,,SHE,,,,,94,,,
,,,,,,,,eV,,-97 +- 7,,SHE,,,,,,,,
ComE:His,,,,,,,,eV,,-96 +- 9,,SHE,,,,,,,,
ComE'(truncated soluble E),,,,,,,,eV,,-121,,SHE,,,,,,,,
ComF:His (b heme),,,heme b,,,,,eV,,-147 +-2,,SHE,,,,,,,,
cyt b5,,,,wt,a/b,Bis-His,,eV,7,-3/-10/-1?,,NHE,,,,,95,,,
,,,,V45Y,,,,eV,,-35 +- 3,,NHE,,,,,,,,
,,,,V45H,,,,eV,,8 +-3,,NHE,,,,,,,,
,,,,V45E,,,,eV,,-26 +-3,,NHE,,,,,,,,
,,,,V61Y,,,,eV,,-33 +- 3,,NHE,,,,,,,,
,,,,V61H,,,,eV,,12 +- 3,,NHE,,,,,,,,
,,,,V61E,,,,eV,,-25 +- 3,,NHE,,,,,,,,
,,,,F35Y,,,,eV,,-66 +- 3,,NHE,,,,,,,,
,,,,F35L,,,,eV,,-28 +- 3,,NHE,,,,,,,,
,,,,,,,,eV,,-51 +-3,,NHE,,,,,,,,
,,,,,,,,eV,,,,NHE,,,,,,,,
HTHP,Silicibacter pomeroyi,2OYY,,,,Tyr,,eV,8,-540,,NHE,,,,,96,,,
