structure_id,E°approx (V),std_dev (V),num_red_ox_pairs,num_reduced_states,num_oxidized_states,pair_details
1a2f,0.7524289141355132,0.0,1,1,1,"[{'red_charge': 0, 'red_mult': 1, 'ox_charge': 1, 'ox_mult': 2, 'red_energy_hartree': -2984.02401258, 'ox_energy_hartree': -2983.83319502, 'potential_V': 0.7524289141355132, 'transition_type': '(0,1) → (1,2)'}]"
1a6k,0.7456633229583582,0.0,1,1,1,"[{'red_charge': 0, 'red_mult': 1, 'ox_charge': 1, 'ox_mult': 2, 'red_energy_hartree': -2984.02506325, 'ox_energy_hartree': -2983.83449432, 'potential_V': 0.7456633229583582, 'transition_type': '(0,1) → (1,2)'}]"
1aa4,0.7374876327028339,0.0,1,1,1,"[{'red_charge': 0, 'red_mult': 1, 'ox_charge': 1, 'ox_mult': 2, 'red_energy_hartree': -2984.02439377, 'ox_energy_hartree': -2983.83412529, 'potential_V': 0.7374876327028339, 'transition_type': '(0,1) → (1,2)'}]"
1aej,0.6173127411113235,0.0,1,1,1,"[{'red_charge': 0, 'red_mult': 1, 'ox_charge': 1, 'ox_mult': 2, 'red_energy_hartree': -2983.92104912, 'ox_energy_hartree': -2983.73519697, 'potential_V': 0.6173127411113235, 'transition_type': '(0,1) → (1,2)'}]"
1aek,0.6173127411113235,0.0,1,1,1,"[{'red_charge': 0, 'red_mult': 1, 'ox_charge': 1, 'ox_mult': 2, 'red_energy_hartree': -2983.92104912, 'ox_energy_hartree': -2983.73519697, 'potential_V': 0.6173127411113235, 'transition_type': '(0,1) → (1,2)'}]"
1aem,0.7340176242923846,0.0,1,1,1,"[{'red_charge': 0, 'red_mult': 1, 'ox_charge': 1, 'ox_mult': 2, 'red_energy_hartree': -2984.02339316, 'ox_energy_hartree': -2983.8332522, 'potential_V': 0.7340176242923846, 'transition_type': '(0,1) → (1,2)'}]"
1aen,0.753611253093065,0.0,1,1,1,"[{'red_charge': 0, 'red_mult': 1, 'ox_charge': 1, 'ox_mult': 2, 'red_energy_hartree': -2984.02363854, 'ox_energy_hartree': -2983.83277753, 'potential_V': 0.753611253093065, 'transition_type': '(0,1) → (1,2)'}]"
1aeo,0.7548986283965675,0.0,1,1,1,"[{'red_charge': 0, 'red_mult': 1, 'ox_charge': 1, 'ox_mult': 2, 'red_energy_hartree': -2984.02358743, 'ox_energy_hartree': -2983.83267911, 'potential_V': 0.7548986283965675, 'transition_type': '(0,1) → (1,2)'}]"
1aeq,0.7476201007430054,0.0,1,1,1,"[{'red_charge': 0, 'red_mult': 1, 'ox_charge': 1, 'ox_mult': 2, 'red_energy_hartree': -2984.01493747, 'ox_energy_hartree': -2983.82429663, 'potential_V': 0.7476201007430054, 'transition_type': '(0,1) → (1,2)'}]"
1aet,0.6409616973105194,0.0,1,1,2,"[{'red_charge': 0, 'red_mult': 1, 'ox_charge': 1, 'ox_mult': 2, 'red_energy_hartree': -2983.93441421, 'ox_energy_hartree': -2983.74769298, 'potential_V': 0.6409616973105194, 'transition_type': '(0,1) → (1,2)'}]"
1aeu,0.7522449645090701,0.0,1,1,1,"[{'red_charge': 0, 'red_mult': 1, 'ox_charge': 1, 'ox_mult': 2, 'red_energy_hartree': -2984.0237215, 'ox_energy_hartree': -2983.8329107, 'potential_V': 0.7522449645090701, 'transition_type': '(0,1) → (1,2)'}]"
1aom,0.7225301604185184,0.5493771149138174,2,2,2,"[{'red_charge': 0, 'red_mult': 1, 'ox_charge': 1, 'ox_mult': 2, 'red_energy_hartree': -3173.07075894, 'ox_energy_hartree': -3172.89531603, 'potential_V': 0.33406187703425694, 'transition_type': '(0,1) → (1,2)'}, {'red_charge': 0, 'red_mult': 5, 'ox_charge': 1, 'ox_mult': 6, 'red_energy_hartree': -3172.96481561, 'ox_energy_hartree': -3172.76082091, 'potential_V': 1.1109984438027798, 'transition_type': '(0,5) → (1,6)'}]"
1arp,0.7557759266203101,0.0,1,1,1,"[{'red_charge': 0, 'red_mult': 1, 'ox_charge': 1, 'ox_mult': 2, 'red_energy_hartree': -2984.02653487, 'ox_energy_hartree': -2983.83559431, 'potential_V': 0.7557759266203101, 'transition_type': '(0,1) → (1,2)'}]"
1bek,0.7013611227659107,0.0,1,2,1,"[{'red_charge': 0, 'red_mult': 1, 'ox_charge': 1, 'ox_mult': 2, 'red_energy_hartree': -2984.0068703, 'ox_energy_hartree': -2983.81792944, 'potential_V': 0.7013611227659107, 'transition_type': '(0,1) → (1,2)'}]"
1bva,0.7042958812809497,0.0,1,1,1,"[{'red_charge': 0, 'red_mult': 1, 'ox_charge': 1, 'ox_mult': 2, 'red_energy_hartree': -2984.01165289, 'ox_energy_hartree': -2983.82260418, 'potential_V': 0.7042958812809497, 'transition_type': '(0,1) → (1,2)'}]"
1bz6,0.7569854770685502,0.0,1,2,1,"[{'red_charge': 0, 'red_mult': 1, 'ox_charge': 1, 'ox_mult': 2, 'red_energy_hartree': -2984.02636583, 'ox_energy_hartree': -2983.83538082, 'potential_V': 0.7569854770685502, 'transition_type': '(0,1) → (1,2)'}]"
1c75,0.5929824093284273,0.0,1,1,1,"[{'red_charge': 0, 'red_mult': 1, 'ox_charge': 1, 'ox_mult': 2, 'red_energy_hartree': -3424.85360815, 'ox_energy_hartree': -3424.66865012, 'potential_V': 0.5929824093284273, 'transition_type': '(0,1) → (1,2)'}]"
1ccb,1.4777012138170988,0.0,1,2,1,"[{'red_charge': 0, 'red_mult': 1, 'ox_charge': 1, 'ox_mult': 2, 'red_energy_hartree': -2983.9819166, 'ox_energy_hartree': -2983.76444587, 'potential_V': 1.4777012138170988, 'transition_type': '(0,1) → (1,2)'}]"
1ccj,0.7488454338512982,0.0,1,2,1,"[{'red_charge': 0, 'red_mult': 1, 'ox_charge': 1, 'ox_mult': 2, 'red_energy_hartree': -2984.02553558, 'ox_energy_hartree': -2983.83484971, 'potential_V': 0.7488454338512982, 'transition_type': '(0,1) → (1,2)'}]"
1cck,0.638240276822378,0.0,1,1,1,"[{'red_charge': 0, 'red_mult': 1, 'ox_charge': 1, 'ox_mult': 2, 'red_energy_hartree': -2984.02292869, 'ox_energy_hartree': -2983.83630747, 'potential_V': 0.638240276822378, 'transition_type': '(0,1) → (1,2)'}]"
1ccl,0.6854581874952776,0.0,1,1,1,"[{'red_charge': 0, 'red_mult': 1, 'ox_charge': 1, 'ox_mult': 2, 'red_energy_hartree': -2984.02088148, 'ox_energy_hartree': -2983.83252504, 'potential_V': 0.6854581874952776, 'transition_type': '(0,1) → (1,2)'}]"
1ch1,0.7545669203945691,0.0,1,2,1,"[{'red_charge': 0, 'red_mult': 1, 'ox_charge': 1, 'ox_mult': 2, 'red_energy_hartree': -2984.0268598, 'ox_energy_hartree': -2983.83596367, 'potential_V': 0.7545669203945691, 'transition_type': '(0,1) → (1,2)'}]"
1ch2,0.743953897551612,0.0,1,2,1,"[{'red_charge': 0, 'red_mult': 1, 'ox_charge': 1, 'ox_mult': 2, 'red_energy_hartree': -2984.02267427, 'ox_energy_hartree': -2983.83216816, 'potential_V': 0.743953897551612, 'transition_type': '(0,1) → (1,2)'}]"
1cif,0.4327035052567405,0.0,1,1,1,"[{'red_charge': 0, 'red_mult': 1, 'ox_charge': 1, 'ox_mult': 2, 'red_energy_hartree': -3424.84425726, 'ox_energy_hartree': -3424.66518935, 'potential_V': 0.4327035052567405, 'transition_type': '(0,1) → (1,2)'}]"
1cik,0.6717792467851798,0.0,1,1,1,"[{'red_charge': 0, 'red_mult': 1, 'ox_charge': 1, 'ox_mult': 2, 'red_energy_hartree': -2983.95992999, 'ox_energy_hartree': -2983.77207624, 'potential_V': 0.6717792467851798, 'transition_type': '(0,1) → (1,2)'}]"
1ck6,0.7125088512718953,0.0,1,1,1,"[{'red_charge': 0, 'red_mult': 1, 'ox_charge': 1, 'ox_mult': 2, 'red_energy_hartree': -2984.02461883, 'ox_energy_hartree': -2983.8352683, 'potential_V': 0.7125088512718953, 'transition_type': '(0,1) → (1,2)'}]"
1cmt,0.6736718054747355,0.0,1,1,1,"[{'red_charge': 0, 'red_mult': 1, 'ox_charge': 1, 'ox_mult': 2, 'red_energy_hartree': -2984.02342458, 'ox_energy_hartree': -2983.83550128, 'potential_V': 0.6736718054747355, 'transition_type': '(0,1) → (1,2)'}]"
1cmu,0.7561865479126855,0.0,1,1,1,"[{'red_charge': 0, 'red_mult': 1, 'ox_charge': 1, 'ox_mult': 2, 'red_energy_hartree': -2984.02375456, 'ox_energy_hartree': -2983.83279891, 'potential_V': 0.7561865479126855, 'transition_type': '(0,1) → (1,2)'}]"
1co6,0.5842426250193062,0.0,1,1,1,"[{'red_charge': 0, 'red_mult': 1, 'ox_charge': 1, 'ox_mult': 2, 'red_energy_hartree': -3424.85131477, 'ox_energy_hartree': -3424.66667792, 'potential_V': 0.5842426250193062, 'transition_type': '(0,1) → (1,2)'}]"
1co8,0.7597692118433832,0.0,1,2,1,"[{'red_charge': 0, 'red_mult': 1, 'ox_charge': 1, 'ox_mult': 2, 'red_energy_hartree': -2984.02611522, 'ox_energy_hartree': -2983.83502791, 'potential_V': 0.7597692118433832, 'transition_type': '(0,1) → (1,2)'}]"
1co9,0.7561062740364077,0.0,1,1,1,"[{'red_charge': 0, 'red_mult': 1, 'ox_charge': 1, 'ox_mult': 2, 'red_energy_hartree': -2984.02547998, 'ox_energy_hartree': -2983.83452728, 'potential_V': 0.7561062740364077, 'transition_type': '(0,1) → (1,2)'}]"
1cot,0.5558964224929674,0.0,1,1,1,"[{'red_charge': 0, 'red_mult': 1, 'ox_charge': 1, 'ox_mult': 2, 'red_energy_hartree': -3424.85209056, 'ox_energy_hartree': -3424.66849541, 'potential_V': 0.5558964224929674, 'transition_type': '(0,1) → (1,2)'}]"
1cpf,0.7106206464216411,0.0,1,2,1,"[{'red_charge': 0, 'red_mult': 1, 'ox_charge': 1, 'ox_mult': 2, 'red_energy_hartree': -2984.00485239, 'ox_energy_hartree': -2983.81557125, 'potential_V': 0.7106206464216411, 'transition_type': '(0,1) → (1,2)'}]"
1cpg,0.6201013739479571,0.0,1,1,1,"[{'red_charge': 0, 'red_mult': 1, 'ox_charge': 1, 'ox_mult': 2, 'red_energy_hartree': -2984.00159536, 'ox_energy_hartree': -2983.81564073, 'potential_V': 0.6201013739479571, 'transition_type': '(0,1) → (1,2)'}]"
1cpt,1.0970971852660503,0.0,1,1,1,"[{'red_charge': 0, 'red_mult': 1, 'ox_charge': 1, 'ox_mult': 2, 'red_energy_hartree': -3157.19508721, 'ox_energy_hartree': -3156.99160337, 'potential_V': 1.0970971852660503, 'transition_type': '(0,1) → (1,2)'}]"
1cpw,0.6375828473943681,0.0,1,1,1,"[{'red_charge': 0, 'red_mult': 1, 'ox_charge': 1, 'ox_mult': 2, 'red_energy_hartree': -2984.02534281, 'ox_energy_hartree': -2983.83874575, 'potential_V': 0.6375828473943681, 'transition_type': '(0,1) → (1,2)'}]"
1crh,0.5606685003824365,0.0,1,2,1,"[{'red_charge': 0, 'red_mult': 1, 'ox_charge': 1, 'ox_mult': 2, 'red_energy_hartree': -3424.8451518, 'ox_energy_hartree': -3424.66138128, 'potential_V': 0.5606685003824365, 'transition_type': '(0,1) → (1,2)'}]"
1cry,-7.3465812924714164,0.0,1,1,1,"[{'red_charge': 0, 'red_mult': 1, 'ox_charge': 1, 'ox_mult': 2, 'red_energy_hartree': -3424.55317336, 'ox_energy_hartree': -3424.65998787, 'potential_V': -7.3465812924714164, 'transition_type': '(0,1) → (1,2)'}]"
1csv,0.5918354453077805,0.0,1,2,1,"[{'red_charge': 0, 'red_mult': 1, 'ox_charge': 1, 'ox_mult': 2, 'red_energy_hartree': -3424.8476922, 'ox_energy_hartree': -3424.66277632, 'potential_V': 0.5918354453077805, 'transition_type': '(0,1) → (1,2)'}]"
1ctz,0.5213574305216735,0.0,1,2,1,"[{'red_charge': 0, 'red_mult': 1, 'ox_charge': 1, 'ox_mult': 2, 'red_energy_hartree': -3424.84659742, 'ox_energy_hartree': -3424.66427155, 'potential_V': 0.5213574305216735, 'transition_type': '(0,1) → (1,2)'}]"
1cxc,0.5937168472779497,0.0,1,1,1,"[{'red_charge': 0, 'red_mult': 1, 'ox_charge': 1, 'ox_mult': 2, 'red_energy_hartree': -3424.85359635, 'ox_energy_hartree': -3424.66861133, 'potential_V': 0.5937168472779497, 'transition_type': '(0,1) → (1,2)'}]"
1cyf,0.7497695358228125,0.0,1,1,1,"[{'red_charge': 0, 'red_mult': 1, 'ox_charge': 1, 'ox_mult': 2, 'red_energy_hartree': -2983.99971553, 'ox_energy_hartree': -2983.8089957, 'potential_V': 0.7497695358228125, 'transition_type': '(0,1) → (1,2)'}]"
1cyo,0.2629841211562809,0.0,1,2,1,"[{'red_charge': 0, 'red_mult': 1, 'ox_charge': 1, 'ox_mult': 2, 'red_energy_hartree': -3173.08250799, 'ox_energy_hartree': -3172.90967713, 'potential_V': 0.2629841211562809, 'transition_type': '(0,1) → (1,2)'}]"
1dp6,1.5838834162762154,0.0,1,2,1,"[{'red_charge': 0, 'red_mult': 1, 'ox_charge': 1, 'ox_mult': 2, 'red_energy_hartree': -3057.87651044, 'ox_energy_hartree': -3057.6551376, 'potential_V': 1.5838834162762154, 'transition_type': '(0,1) → (1,2)'}]"
1dt1,0.5132353468940076,0.0,1,2,1,"[{'red_charge': 0, 'red_mult': 1, 'ox_charge': 1, 'ox_mult': 2, 'red_energy_hartree': -3424.54641754, 'ox_energy_hartree': -3424.36439015, 'potential_V': 0.5132353468940076, 'transition_type': '(0,1) → (1,2)'}]"
1dti,1.5556944961476677,0.0,1,1,1,"[{'red_charge': 0, 'red_mult': 1, 'ox_charge': 1, 'ox_mult': 2, 'red_energy_hartree': -2984.02682602, 'ox_energy_hartree': -2983.8064891, 'potential_V': 1.5556944961476677, 'transition_type': '(0,1) → (1,2)'}]"
1dve,0.6314333242015175,0.0,1,1,1,"[{'red_charge': 0, 'red_mult': 1, 'ox_charge': 1, 'ox_mult': 2, 'red_energy_hartree': -2984.02661593, 'ox_energy_hartree': -2983.84024486, 'potential_V': 0.6314333242015175, 'transition_type': '(0,1) → (1,2)'}]"
1dy7,0.5659641272155467,0.0,1,1,1,"[{'red_charge': 0, 'red_mult': 1, 'ox_charge': 1, 'ox_mult': 2, 'red_energy_hartree': -3424.85417553, 'ox_energy_hartree': -3424.6702104, 'potential_V': 0.5659641272155467, 'transition_type': '(0,1) → (1,2)'}]"
1gdv,0.5390854400122365,0.0,1,1,1,"[{'red_charge': 0, 'red_mult': 1, 'ox_charge': 1, 'ox_mult': 2, 'red_energy_hartree': -3424.8523211, 'ox_energy_hartree': -3424.66934374, 'potential_V': 0.5390854400122365, 'transition_type': '(0,1) → (1,2)'}]"
1gjm,1.5842477780433182,0.0,1,1,1,"[{'red_charge': 0, 'red_mult': 1, 'ox_charge': 1, 'ox_mult': 2, 'red_energy_hartree': -3157.19583999, 'ox_energy_hartree': -3156.97445376, 'potential_V': 1.5842477780433182, 'transition_type': '(0,1) → (1,2)'}]"
1gwt,0.6613809225253684,0.0,1,2,1,"[{'red_charge': 0, 'red_mult': 1, 'ox_charge': 1, 'ox_mult': 2, 'red_energy_hartree': -2984.0219198, 'ox_energy_hartree': -2983.83444818, 'potential_V': 0.6613809225253684, 'transition_type': '(0,1) → (1,2)'}]"
1hrc,0.6153878007481461,0.0,1,1,1,"[{'red_charge': 0, 'red_mult': 1, 'ox_charge': 1, 'ox_mult': 2, 'red_energy_hartree': -3424.84561035, 'ox_energy_hartree': -3424.65982894, 'potential_V': 0.6153878007481461, 'transition_type': '(0,1) → (1,2)'}]"
1hzu,0.5875537183545818,0.0,1,1,1,"[{'red_charge': 0, 'red_mult': 1, 'ox_charge': 1, 'ox_mult': 2, 'red_energy_hartree': -3424.8519944, 'ox_energy_hartree': -3424.66723587, 'potential_V': 0.5875537183545818, 'transition_type': '(0,1) → (1,2)'}]"
1io3,0.5238978946565398,0.0,1,2,1,"[{'red_charge': 0, 'red_mult': 1, 'ox_charge': 1, 'ox_mult': 2, 'red_energy_hartree': -3424.51906281, 'ox_energy_hartree': -3424.33664358, 'potential_V': 0.5238978946565398, 'transition_type': '(0,1) → (1,2)'}]"
1j77,0.7485882853300279,0.0,1,1,1,"[{'red_charge': 0, 'red_mult': 1, 'ox_charge': 1, 'ox_mult': 2, 'red_energy_hartree': -2984.02613337, 'ox_energy_hartree': -2983.83545695, 'potential_V': 0.7485882853300279, 'transition_type': '(0,1) → (1,2)'}]"
1jdr,0.7506381263877211,0.0,1,1,1,"[{'red_charge': 0, 'red_mult': 1, 'ox_charge': 1, 'ox_mult': 2, 'red_energy_hartree': -2984.02549762, 'ox_energy_hartree': -2983.83474587, 'potential_V': 0.7506381263877211, 'transition_type': '(0,1) → (1,2)'}]"
1jp8,0.766813992839678,0.0,1,1,1,"[{'red_charge': 0, 'red_mult': 1, 'ox_charge': 1, 'ox_mult': 2, 'red_energy_hartree': -2984.02755094, 'ox_energy_hartree': -2983.83620474, 'potential_V': 0.766813992839678, 'transition_type': '(0,1) → (1,2)'}]"
1kb0,0.3863667024441524,0.0,1,1,1,"[{'red_charge': 0, 'red_mult': 1, 'ox_charge': 1, 'ox_mult': 2, 'red_energy_hartree': -3424.51375799, 'ox_energy_hartree': -3424.33639292, 'potential_V': 0.3863667024441524, 'transition_type': '(0,1) → (1,2)'}]"
1krj,0.7173827001228963,0.0,1,1,1,"[{'red_charge': 0, 'red_mult': 1, 'ox_charge': 1, 'ox_mult': 2, 'red_energy_hartree': -2984.02476224, 'ox_energy_hartree': -2983.8352326, 'potential_V': 0.7173827001228963, 'transition_type': '(0,1) → (1,2)'}]"
1ldc,0.36287421224969396,0.0,1,1,2,"[{'red_charge': 0, 'red_mult': 1, 'ox_charge': 1, 'ox_mult': 2, 'red_energy_hartree': -3172.91928673, 'ox_energy_hartree': -3172.74278499, 'potential_V': 0.36287421224969396, 'transition_type': '(0,1) → (1,2)'}]"
1lgf,1.6106301277936748,0.0,1,1,1,"[{'red_charge': 0, 'red_mult': 1, 'ox_charge': 1, 'ox_mult': 2, 'red_energy_hartree': -3157.19534781, 'ox_energy_hartree': -3156.97299205, 'potential_V': 1.6106301277936748, 'transition_type': '(0,1) → (1,2)'}]"
1lqx,0.3177970290175365,0.0,1,1,2,"[{'red_charge': 0, 'red_mult': 1, 'ox_charge': 1, 'ox_mult': 2, 'red_energy_hartree': -3173.03231298, 'ox_energy_hartree': -3172.85746779, 'potential_V': 0.3177970290175365, 'transition_type': '(0,1) → (1,2)'}]"
1lr6,0.4036525253222356,0.0,1,1,2,"[{'red_charge': 0, 'red_mult': 1, 'ox_charge': 1, 'ox_mult': 2, 'red_energy_hartree': -3173.03694815, 'ox_energy_hartree': -3172.85894784, 'potential_V': 0.4036525253222356, 'transition_type': '(0,1) → (1,2)'}]"
1ltd,0.3410454321888592,0.0,1,1,1,"[{'red_charge': 0, 'red_mult': 1, 'ox_charge': 1, 'ox_mult': 2, 'red_energy_hartree': -3173.0796274, 'ox_energy_hartree': -3172.90392785, 'potential_V': 0.3410454321888592, 'transition_type': '(0,1) → (1,2)'}]"
1m2i,0.32979647697349446,0.0,1,1,1,"[{'red_charge': 0, 'red_mult': 1, 'ox_charge': 1, 'ox_mult': 2, 'red_energy_hartree': -3173.02815601, 'ox_energy_hartree': -3172.85286985, 'potential_V': 0.32979647697349446, 'transition_type': '(0,1) → (1,2)'}]"
1m2m,0.3381871379431818,0.0,1,1,1,"[{'red_charge': 0, 'red_mult': 1, 'ox_charge': 1, 'ox_mult': 2, 'red_energy_hartree': -3173.02531391, 'ox_energy_hartree': -3172.8497194, 'potential_V': 0.3381871379431818, 'transition_type': '(0,1) → (1,2)'}]"
1myt,0.6877112983450182,0.0,1,1,1,"[{'red_charge': 0, 'red_mult': 1, 'ox_charge': 1, 'ox_mult': 2, 'red_energy_hartree': -2984.02266219, 'ox_energy_hartree': -2983.83422295, 'potential_V': 0.6877112983450182, 'transition_type': '(0,1) → (1,2)'}]"
1ntf,1.131351817215502,0.0,1,1,1,"[{'red_charge': 0, 'red_mult': 1, 'ox_charge': 1, 'ox_mult': 2, 'red_energy_hartree': -3157.18493465, 'ox_energy_hartree': -3156.98019198, 'potential_V': 1.131351817215502, 'transition_type': '(0,1) → (1,2)'}]"
1obm,0.772586092747523,0.0,1,1,1,"[{'red_charge': 0, 'red_mult': 1, 'ox_charge': 1, 'ox_mult': 2, 'red_energy_hartree': -2984.02177283, 'ox_energy_hartree': -2983.83021451, 'potential_V': 0.772586092747523, 'transition_type': '(0,1) → (1,2)'}]"
1ofj,0.7533595468659788,0.0,1,1,1,"[{'red_charge': 0, 'red_mult': 1, 'ox_charge': 1, 'ox_mult': 2, 'red_energy_hartree': -2984.02686453, 'ox_energy_hartree': -2983.83601277, 'potential_V': 0.7533595468659788, 'transition_type': '(0,1) → (1,2)'}]"
1ofk,0.7588573550362527,0.0,1,1,1,"[{'red_charge': 0, 'red_mult': 1, 'ox_charge': 1, 'ox_mult': 2, 'red_energy_hartree': -2984.02661157, 'ox_energy_hartree': -2983.83555777, 'potential_V': 0.7588573550362527, 'transition_type': '(0,1) → (1,2)'}]"
1rf9,1.0091763373548552,0.0,1,2,1,"[{'red_charge': 0, 'red_mult': 1, 'ox_charge': 1, 'ox_mult': 2, 'red_energy_hartree': -3157.1936381, 'ox_energy_hartree': -3156.99338528, 'potential_V': 1.0091763373548552, 'transition_type': '(0,1) → (1,2)'}]"
1tqn,1.158839497441435,0.0,1,1,1,"[{'red_charge': 0, 'red_mult': 1, 'ox_charge': 1, 'ox_mult': 2, 'red_energy_hartree': -3157.18874128, 'ox_energy_hartree': -3156.98298846, 'potential_V': 1.158839497441435, 'transition_type': '(0,1) → (1,2)'}]"
1u75,0.6296232163078912,0.0,1,1,1,"[{'red_charge': 0, 'red_mult': 1, 'ox_charge': 1, 'ox_mult': 2, 'red_energy_hartree': -3424.84051508, 'ox_energy_hartree': -3424.65421053, 'potential_V': 0.6296232163078912, 'transition_type': '(0,1) → (1,2)'}]"
1u7s,0.6387926699439737,0.0,1,1,1,"[{'red_charge': 0, 'red_mult': 1, 'ox_charge': 1, 'ox_mult': 2, 'red_energy_hartree': -2984.02500036, 'ox_energy_hartree': -2983.83835884, 'potential_V': 0.6387926699439737, 'transition_type': '(0,1) → (1,2)'}]"
1ue8,1.0126403592189686,0.0,1,1,1,"[{'red_charge': 0, 'red_mult': 1, 'ox_charge': 1, 'ox_mult': 2, 'red_energy_hartree': -3157.18329143, 'ox_energy_hartree': -3156.98291131, 'potential_V': 1.0126403592189686, 'transition_type': '(0,1) → (1,2)'}]"
1uvy,0.7581065902041786,0.0,1,1,1,"[{'red_charge': 0, 'red_mult': 1, 'ox_charge': 1, 'ox_mult': 2, 'red_energy_hartree': -2984.02627277, 'ox_energy_hartree': -2983.83524656, 'potential_V': 0.7581065902041786, 'transition_type': '(0,1) → (1,2)'}]"
1vxb,0.6233776365787103,0.0,1,1,1,"[{'red_charge': 0, 'red_mult': 1, 'ox_charge': 1, 'ox_mult': 2, 'red_energy_hartree': -2984.01047585, 'ox_energy_hartree': -2983.82440082, 'potential_V': 0.6233776365787103, 'transition_type': '(0,1) → (1,2)'}]"
1vxd,0.7653219872076482,0.0,1,1,1,"[{'red_charge': 0, 'red_mult': 1, 'ox_charge': 1, 'ox_mult': 2, 'red_energy_hartree': -2984.02320752, 'ox_energy_hartree': -2983.83191615, 'potential_V': 0.7653219872076482, 'transition_type': '(0,1) → (1,2)'}]"
1wla,0.7541383395323749,0.0,1,1,1,"[{'red_charge': 0, 'red_mult': 1, 'ox_charge': 1, 'ox_mult': 2, 'red_energy_hartree': -2984.02489259, 'ox_energy_hartree': -2983.83401221, 'potential_V': 0.7541383395323749, 'transition_type': '(0,1) → (1,2)'}]"
1x3k,0.8086369547686028,0.0,1,1,1,"[{'red_charge': 0, 'red_mult': 1, 'ox_charge': 1, 'ox_mult': 2, 'red_energy_hartree': -2984.02642624, 'ox_energy_hartree': -2983.83354308, 'potential_V': 0.8086369547686028, 'transition_type': '(0,1) → (1,2)'}]"
1xch,0.756771866920519,0.0,1,1,1,"[{'red_charge': 0, 'red_mult': 1, 'ox_charge': 1, 'ox_mult': 2, 'red_energy_hartree': -2984.02386437, 'ox_energy_hartree': -2983.83288721, 'potential_V': 0.756771866920519, 'transition_type': '(0,1) → (1,2)'}]"
1yiq,0.675197825447885,0.0,1,2,1,"[{'red_charge': 0, 'red_mult': 1, 'ox_charge': 1, 'ox_mult': 2, 'red_energy_hartree': -3424.85056903, 'ox_energy_hartree': -3424.66258965, 'potential_V': 0.675197825447885, 'transition_type': '(0,1) → (1,2)'}]"
1ymb,0.9994849674623971,0.0,1,1,1,"[{'red_charge': 0, 'red_mult': 1, 'ox_charge': 1, 'ox_mult': 2, 'red_energy_hartree': -2983.93676481, 'ox_energy_hartree': -2983.73686814, 'potential_V': 0.9994849674623971, 'transition_type': '(0,1) → (1,2)'}]"
1ywd,0.6033284875265128,0.0,1,1,1,"[{'red_charge': 0, 'red_mult': 1, 'ox_charge': 1, 'ox_mult': 2, 'red_energy_hartree': -2984.02587084, 'ox_energy_hartree': -2983.8405326, 'potential_V': 0.6033284875265128, 'transition_type': '(0,1) → (1,2)'}]"
1yyg,0.7121719731067309,0.0,1,1,1,"[{'red_charge': 0, 'red_mult': 1, 'ox_charge': 1, 'ox_mult': 2, 'red_energy_hartree': -2984.01893138, 'ox_energy_hartree': -2983.82959323, 'potential_V': 0.7121719731067309, 'transition_type': '(0,1) → (1,2)'}]"
1yzp,0.7211917635983935,0.0,1,1,1,"[{'red_charge': 0, 'red_mult': 1, 'ox_charge': 1, 'ox_mult': 2, 'red_energy_hartree': -2984.01531153, 'ox_energy_hartree': -2983.82564191, 'potential_V': 0.7211917635983935, 'transition_type': '(0,1) → (1,2)'}]"
1yzr,0.7203378672287695,0.0,1,1,1,"[{'red_charge': 0, 'red_mult': 1, 'ox_charge': 1, 'ox_mult': 2, 'red_energy_hartree': -2984.02177797, 'ox_energy_hartree': -2983.83213973, 'potential_V': 0.7203378672287695, 'transition_type': '(0,1) → (1,2)'}]"
1zby,0.6928169890152338,0.0,1,2,1,"[{'red_charge': 0, 'red_mult': 1, 'ox_charge': 1, 'ox_mult': 2, 'red_energy_hartree': -2984.01838533, 'ox_energy_hartree': -2983.82975846, 'potential_V': 0.6928169890152338, 'transition_type': '(0,1) → (1,2)'}]"
1zbz,0.7424080131607065,0.0,1,1,1,"[{'red_charge': 0, 'red_mult': 1, 'ox_charge': 1, 'ox_mult': 2, 'red_energy_hartree': -2984.02653593, 'ox_energy_hartree': -2983.83608663, 'potential_V': 0.7424080131607065, 'transition_type': '(0,1) → (1,2)'}]"
2al0,0.7381986687587023,0.0,1,1,1,"[{'red_charge': 0, 'red_mult': 1, 'ox_charge': 1, 'ox_mult': 2, 'red_energy_hartree': -2984.02379951, 'ox_energy_hartree': -2983.8335049, 'potential_V': 0.7381986687587023, 'transition_type': '(0,1) → (1,2)'}]"
2all,0.7247981015142271,0.0,1,1,1,"[{'red_charge': 0, 'red_mult': 1, 'ox_charge': 1, 'ox_mult': 2, 'red_energy_hartree': -2984.02701017, 'ox_energy_hartree': -2983.83720802, 'potential_V': 0.7247981015142271, 'transition_type': '(0,1) → (1,2)'}]"
2amm,0.7100198168650049,0.0,1,1,1,"[{'red_charge': 0, 'red_mult': 1, 'ox_charge': 1, 'ox_mult': 2, 'red_energy_hartree': -2984.02512151, 'ox_energy_hartree': -2983.83586245, 'potential_V': 0.7100198168650049, 'transition_type': '(0,1) → (1,2)'}]"
2anz,0.7233422871429678,0.0,1,1,1,"[{'red_charge': 0, 'red_mult': 1, 'ox_charge': 1, 'ox_mult': 2, 'red_energy_hartree': -2984.02373746, 'ox_energy_hartree': -2983.83398881, 'potential_V': 0.7233422871429678, 'transition_type': '(0,1) → (1,2)'}]"
2as3,0.728409881744013,0.0,1,1,1,"[{'red_charge': 0, 'red_mult': 1, 'ox_charge': 1, 'ox_mult': 2, 'red_energy_hartree': -2984.02476785, 'ox_energy_hartree': -2983.83483297, 'potential_V': 0.728409881744013, 'transition_type': '(0,1) → (1,2)'}]"
2bgv,0.4115476651628338,0.0,1,2,1,"[{'red_charge': 0, 'red_mult': 1, 'ox_charge': 1, 'ox_mult': 2, 'red_energy_hartree': -3424.58417506, 'ox_energy_hartree': -3424.40588461, 'potential_V': 0.4115476651628338, 'transition_type': '(0,1) → (1,2)'}]"
2bk9,0.2910054185705899,0.0,1,1,1,"[{'red_charge': 0, 'red_mult': 1, 'ox_charge': 1, 'ox_mult': 2, 'red_energy_hartree': -3173.08201035, 'ox_energy_hartree': -3172.90814973, 'potential_V': 0.2910054185705899, 'transition_type': '(0,1) → (1,2)'}]"
2ccp,0.7418485450675432,0.0,1,1,1,"[{'red_charge': 0, 'red_mult': 1, 'ox_charge': 1, 'ox_mult': 2, 'red_energy_hartree': -2984.01980576, 'ox_energy_hartree': -2983.82937702, 'potential_V': 0.7418485450675432, 'transition_type': '(0,1) → (1,2)'}]"
2cep,0.5947462576967801,0.0,1,1,1,"[{'red_charge': 0, 'red_mult': 1, 'ox_charge': 1, 'ox_mult': 2, 'red_energy_hartree': -2984.01505384, 'ox_energy_hartree': -2983.83003099, 'potential_V': 0.5947462576967801, 'transition_type': '(0,1) → (1,2)'}]"
2eur,0.722415191888401,0.0,1,1,1,"[{'red_charge': 0, 'red_mult': 1, 'ox_charge': 1, 'ox_mult': 2, 'red_energy_hartree': -2984.02308807, 'ox_energy_hartree': -2983.83337349, 'potential_V': 0.722415191888401, 'transition_type': '(0,1) → (1,2)'}]"
2eus,0.7324499707247432,0.0,1,1,1,"[{'red_charge': 0, 'red_mult': 1, 'ox_charge': 1, 'ox_mult': 2, 'red_energy_hartree': -2984.02416367, 'ox_energy_hartree': -2983.83408032, 'potential_V': 0.7324499707247432, 'transition_type': '(0,1) → (1,2)'}]"
2hz1,0.2863742961667075,0.0,1,2,1,"[{'red_charge': 0, 'red_mult': 1, 'ox_charge': 1, 'ox_mult': 2, 'red_energy_hartree': -3173.00828831, 'ox_energy_hartree': -3172.83459788, 'potential_V': 0.2863742961667075, 'transition_type': '(0,1) → (1,2)'}]"
2j18,1.0990740995500508,0.0,1,1,1,"[{'red_charge': 0, 'red_mult': 1, 'ox_charge': 1, 'ox_mult': 2, 'red_energy_hartree': -3157.18996947, 'ox_energy_hartree': -3156.98641298, 'potential_V': 1.0990740995500508, 'transition_type': '(0,1) → (1,2)'}]"
2jjn,1.5824232480557718,0.0,1,1,1,"[{'red_charge': 0, 'red_mult': 1, 'ox_charge': 1, 'ox_mult': 2, 'red_energy_hartree': -3157.19367807, 'ox_energy_hartree': -3156.97235889, 'potential_V': 1.5824232480557718, 'transition_type': '(0,1) → (1,2)'}]"
2mbw,0.7512046694722194,0.0,1,1,1,"[{'red_charge': 0, 'red_mult': 1, 'ox_charge': 1, 'ox_mult': 2, 'red_energy_hartree': -2984.02618652, 'ox_energy_hartree': -2983.83541395, 'potential_V': 0.7512046694722194, 'transition_type': '(0,1) → (1,2)'}]"
2mgm,1.5934479806756405,0.0,1,1,2,"[{'red_charge': 0, 'red_mult': 1, 'ox_charge': 1, 'ox_mult': 2, 'red_energy_hartree': -3057.87576468, 'ox_energy_hartree': -3057.65404035, 'potential_V': 1.5934479806756405, 'transition_type': '(0,1) → (1,2)'}]"
2nrl,0.7575525643755476,0.0,1,1,1,"[{'red_charge': 0, 'red_mult': 1, 'ox_charge': 1, 'ox_mult': 2, 'red_energy_hartree': -2984.02664298, 'ox_energy_hartree': -2983.83563713, 'potential_V': 0.7575525643755476, 'transition_type': '(0,1) → (1,2)'}]"
2nrm,0.6965283632770172,0.0,1,1,1,"[{'red_charge': 0, 'red_mult': 1, 'ox_charge': 1, 'ox_mult': 2, 'red_energy_hartree': -2984.02654793, 'ox_energy_hartree': -2983.83778467, 'potential_V': 0.6965283632770172, 'transition_type': '(0,1) → (1,2)'}]"
2oh8,0.6476614366954312,0.0,1,1,1,"[{'red_charge': 0, 'red_mult': 1, 'ox_charge': 1, 'ox_mult': 2, 'red_energy_hartree': -2984.02563058, 'ox_energy_hartree': -2983.83866314, 'potential_V': 0.6476614366954312, 'transition_type': '(0,1) → (1,2)'}]"
2oha,0.8101915468282259,0.0,1,1,1,"[{'red_charge': 0, 'red_mult': 1, 'ox_charge': 1, 'ox_mult': 2, 'red_energy_hartree': -2984.02649315, 'ox_energy_hartree': -2983.83355286, 'potential_V': 0.8101915468282259, 'transition_type': '(0,1) → (1,2)'}]"
2ohb,0.7535437686135555,0.0,1,1,1,"[{'red_charge': 0, 'red_mult': 1, 'ox_charge': 1, 'ox_mult': 2, 'red_energy_hartree': -2984.02751676, 'ox_energy_hartree': -2983.83665823, 'potential_V': 0.7535437686135555, 'transition_type': '(0,1) → (1,2)'}]"
2pt3,0.7620914398500158,0.0,1,1,1,"[{'red_charge': 0, 'red_mult': 1, 'ox_charge': 1, 'ox_mult': 2, 'red_energy_hartree': -2984.02354312, 'ox_energy_hartree': -2983.83237047, 'potential_V': 0.7620914398500158, 'transition_type': '(0,1) → (1,2)'}]"
2q8q,0.5894340318599847,0.0,1,2,1,"[{'red_charge': 0, 'red_mult': 1, 'ox_charge': 1, 'ox_mult': 2, 'red_energy_hartree': -3424.84911307, 'ox_energy_hartree': -3424.66428544, 'potential_V': 0.5894340318599847, 'transition_type': '(0,1) → (1,2)'}]"
2qrb,0.6506103451733711,0.0,1,1,1,"[{'red_charge': 0, 'red_mult': 1, 'ox_charge': 1, 'ox_mult': 2, 'red_energy_hartree': -2984.02741055, 'ox_energy_hartree': -2983.84033474, 'potential_V': 0.6506103451733711, 'transition_type': '(0,1) → (1,2)'}]"
2rbt,0.7385929631487578,0.0,1,1,1,"[{'red_charge': 0, 'red_mult': 1, 'ox_charge': 1, 'ox_mult': 2, 'red_energy_hartree': -2984.02640287, 'ox_energy_hartree': -2983.83609377, 'potential_V': 0.7385929631487578, 'transition_type': '(0,1) → (1,2)'}]"
2rbu,0.7181478870390059,0.0,1,1,1,"[{'red_charge': 0, 'red_mult': 1, 'ox_charge': 1, 'ox_mult': 2, 'red_energy_hartree': -2984.024948, 'ox_energy_hartree': -2983.83539024, 'potential_V': 0.7181478870390059, 'transition_type': '(0,1) → (1,2)'}]"
2rbv,0.7301242052125589,0.0,1,1,1,"[{'red_charge': 0, 'red_mult': 1, 'ox_charge': 1, 'ox_mult': 2, 'red_energy_hartree': -2984.02600901, 'ox_energy_hartree': -2983.83601113, 'potential_V': 0.7301242052125589, 'transition_type': '(0,1) → (1,2)'}]"
2rbw,0.724545578953391,0.0,1,1,1,"[{'red_charge': 0, 'red_mult': 1, 'ox_charge': 1, 'ox_mult': 2, 'red_energy_hartree': -2984.02547638, 'ox_energy_hartree': -2983.83568351, 'potential_V': 0.724545578953391, 'transition_type': '(0,1) → (1,2)'}]"
2rbx,0.731950912099987,0.0,1,1,1,"[{'red_charge': 0, 'red_mult': 1, 'ox_charge': 1, 'ox_mult': 2, 'red_energy_hartree': -2984.02576595, 'ox_energy_hartree': -2983.83570094, 'potential_V': 0.731950912099987, 'transition_type': '(0,1) → (1,2)'}]"
2spm,0.755875520642423,0.0,1,2,1,"[{'red_charge': 0, 'red_mult': 1, 'ox_charge': 1, 'ox_mult': 2, 'red_energy_hartree': -2984.02262416, 'ox_energy_hartree': -2983.83167994, 'potential_V': 0.755875520642423, 'transition_type': '(0,1) → (1,2)'}]"
2v1j,0.7574420857650654,0.0,1,2,1,"[{'red_charge': 0, 'red_mult': 1, 'ox_charge': 1, 'ox_mult': 2, 'red_energy_hartree': -2984.02587862, 'ox_energy_hartree': -2983.83487683, 'potential_V': 0.7574420857650654, 'transition_type': '(0,1) → (1,2)'}]"
2v2e,0.7215158523667897,0.0,1,1,1,"[{'red_charge': 0, 'red_mult': 1, 'ox_charge': 1, 'ox_mult': 2, 'red_energy_hartree': -2984.02164033, 'ox_energy_hartree': -2983.8319588, 'potential_V': 0.7215158523667897, 'transition_type': '(0,1) → (1,2)'}]"
2vka,0.6721079615041265,0.0,1,1,1,"[{'red_charge': 0, 'red_mult': 1, 'ox_charge': 1, 'ox_mult': 2, 'red_energy_hartree': -2984.01559458, 'ox_energy_hartree': -2983.82772875, 'potential_V': 0.6721079615041265, 'transition_type': '(0,1) → (1,2)'}]"
2vly,1.5916566487053494,0.0,1,1,2,"[{'red_charge': 0, 'red_mult': 1, 'ox_charge': 1, 'ox_mult': 2, 'red_energy_hartree': -3057.8766547, 'ox_energy_hartree': -3057.6549962, 'potential_V': 1.5916566487053494, 'transition_type': '(0,1) → (1,2)'}]"
2w6w,0.7629453362295235,0.0,1,2,1,"[{'red_charge': 0, 'red_mult': 1, 'ox_charge': 1, 'ox_mult': 2, 'red_energy_hartree': -2984.02336034, 'ox_energy_hartree': -2983.83215631, 'potential_V': 0.7629453362295235, 'transition_type': '(0,1) → (1,2)'}]"
2w6x,0.7607839280669291,0.0,1,1,1,"[{'red_charge': 0, 'red_mult': 1, 'ox_charge': 1, 'ox_mult': 2, 'red_energy_hartree': -2984.02502184, 'ox_energy_hartree': -2983.83389724, 'potential_V': 0.7607839280669291, 'transition_type': '(0,1) → (1,2)'}]"
2w6y,0.7632370433242981,0.0,1,2,1,"[{'red_charge': 0, 'red_mult': 1, 'ox_charge': 1, 'ox_mult': 2, 'red_energy_hartree': -2984.02443249, 'ox_energy_hartree': -2983.83321774, 'potential_V': 0.7632370433242981, 'transition_type': '(0,1) → (1,2)'}]"
2wgy,1.539864215524652,0.06365755953484226,2,2,2,"[{'red_charge': 0, 'red_mult': 1, 'ox_charge': 1, 'ox_mult': 2, 'red_energy_hartree': -3157.19475545, 'ox_energy_hartree': -3156.9733461, 'potential_V': 1.5848769075455253, 'transition_type': '(0,1) → (1,2)'}, {'red_charge': 0, 'red_mult': 5, 'ox_charge': 1, 'ox_mult': 6, 'red_energy_hartree': -3157.15479395, 'ox_energy_hartree': -3156.93669296, 'potential_V': 1.4948515235037787, 'transition_type': '(0,5) → (1,6)'}]"
2x08,0.7174719537791416,0.0,1,1,1,"[{'red_charge': 0, 'red_mult': 1, 'ox_charge': 1, 'ox_mult': 2, 'red_energy_hartree': -2984.02284194, 'ox_energy_hartree': -2983.83330902, 'potential_V': 0.7174719537791416, 'transition_type': '(0,1) → (1,2)'}]"
2xif,0.7016642586913209,0.0,1,2,1,"[{'red_charge': 0, 'red_mult': 1, 'ox_charge': 1, 'ox_mult': 2, 'red_energy_hartree': -2984.02295117, 'ox_energy_hartree': -2983.83399917, 'potential_V': 0.7016642586913209, 'transition_type': '(0,1) → (1,2)'}]"
2y6a,0.6859934373610361,0.0,1,1,1,"[{'red_charge': 0, 'red_mult': 1, 'ox_charge': 1, 'ox_mult': 2, 'red_energy_hartree': -2984.02081215, 'ox_energy_hartree': -2983.83243604, 'potential_V': 0.6859934373610361, 'transition_type': '(0,1) → (1,2)'}]"
2yca,1.595132915743732,0.0,1,1,1,"[{'red_charge': 0, 'red_mult': 1, 'ox_charge': 1, 'ox_mult': 2, 'red_energy_hartree': -3157.19546864, 'ox_energy_hartree': -3156.97368239, 'potential_V': 1.595132915743732, 'transition_type': '(0,1) → (1,2)'}]"
2ycg,0.7020471242705097,0.0,1,1,1,"[{'red_charge': 0, 'red_mult': 1, 'ox_charge': 1, 'ox_mult': 2, 'red_energy_hartree': -2984.02600788, 'ox_energy_hartree': -2983.83704181, 'potential_V': 0.7020471242705097, 'transition_type': '(0,1) → (1,2)'}]"
2yqb,0.5391681629194149,0.0,1,1,1,"[{'red_charge': 0, 'red_mult': 1, 'ox_charge': 1, 'ox_mult': 2, 'red_energy_hartree': -3424.85210352, 'ox_energy_hartree': -3424.66912312, 'potential_V': 0.5391681629194149, 'transition_type': '(0,1) → (1,2)'}]"
2zon,1.0173640006635134,0.0,1,2,1,"[{'red_charge': 0, 'red_mult': 1, 'ox_charge': 1, 'ox_mult': 2, 'red_energy_hartree': -3424.78966266, 'ox_energy_hartree': -3424.58910895, 'potential_V': 1.0173640006635134, 'transition_type': '(0,1) → (1,2)'}]"
2zoo,0.6482165509591775,0.0,1,1,1,"[{'red_charge': 0, 'red_mult': 1, 'ox_charge': 1, 'ox_mult': 2, 'red_energy_hartree': -3424.68661743, 'ox_energy_hartree': -3424.49962959, 'potential_V': 0.6482165509591775, 'transition_type': '(0,1) → (1,2)'}]"
2zwj,0.6781263253349907,0.0,1,2,1,"[{'red_charge': 0, 'red_mult': 1, 'ox_charge': 1, 'ox_mult': 2, 'red_energy_hartree': -2984.02330268, 'ox_energy_hartree': -2983.83521568, 'potential_V': 0.6781263253349907, 'transition_type': '(0,1) → (1,2)'}]"
2zwt,1.1097254905931973,0.0,1,1,1,"[{'red_charge': 0, 'red_mult': 1, 'ox_charge': 1, 'ox_mult': 2, 'red_energy_hartree': -3157.18975033, 'ox_energy_hartree': -3156.98580241, 'potential_V': 1.1097254905931973, 'transition_type': '(0,1) → (1,2)'}]"
4nvm,0.7251981103393694,0.0,1,1,1,"[{'red_charge': 0, 'red_mult': 1, 'ox_charge': 1, 'ox_mult': 2, 'red_energy_hartree': -2984.02633109, 'ox_energy_hartree': -2983.83651424, 'potential_V': 0.7251981103393694, 'transition_type': '(0,1) → (1,2)'}]"
5abo,0.7135515953198777,0.0,1,2,1,"[{'red_charge': 0, 'red_mult': 1, 'ox_charge': 1, 'ox_mult': 2, 'red_energy_hartree': -2984.01656353, 'ox_energy_hartree': -2983.82717468, 'potential_V': 0.7135515953198777, 'transition_type': '(0,1) → (1,2)'}]"
5al9,0.7069702258804158,0.0,1,1,1,"[{'red_charge': 0, 'red_mult': 1, 'ox_charge': 1, 'ox_mult': 2, 'red_energy_hartree': -2984.0211354, 'ox_energy_hartree': -2983.83198841, 'potential_V': 0.7069702258804158, 'transition_type': '(0,1) → (1,2)'}]"
5b72,0.774655253980705,0.0,1,1,1,"[{'red_charge': 0, 'red_mult': 1, 'ox_charge': 1, 'ox_mult': 2, 'red_energy_hartree': -2984.02202387, 'ox_energy_hartree': -2983.83038951, 'potential_V': 0.774655253980705, 'transition_type': '(0,1) → (1,2)'}]"
5b85,0.7661810537305538,0.0,1,1,1,"[{'red_charge': 0, 'red_mult': 1, 'ox_charge': 1, 'ox_mult': 2, 'red_energy_hartree': -2984.02424283, 'ox_energy_hartree': -2983.83291989, 'potential_V': 0.7661810537305538, 'transition_type': '(0,1) → (1,2)'}]"
5ccp,0.6738171147798546,0.0,1,1,1,"[{'red_charge': 0, 'red_mult': 1, 'ox_charge': 1, 'ox_mult': 2, 'red_energy_hartree': -2983.99985075, 'ox_energy_hartree': -2983.81192211, 'potential_V': 0.6738171147798546, 'transition_type': '(0,1) → (1,2)'}]"
5d6m,0.644311975189618,0.0,1,1,1,"[{'red_charge': 0, 'red_mult': 1, 'ox_charge': 1, 'ox_mult': 2, 'red_energy_hartree': -2984.02767313, 'ox_energy_hartree': -2983.84082878, 'potential_V': 0.644311975189618, 'transition_type': '(0,1) → (1,2)'}]"
5eet,0.31394225024915023,0.0,1,2,1,"[{'red_charge': 0, 'red_mult': 1, 'ox_charge': 1, 'ox_mult': 2, 'red_energy_hartree': -3173.0764563, 'ox_energy_hartree': -3172.90175277, 'potential_V': 0.31394225024915023, 'transition_type': '(0,1) → (1,2)'}]"
5ejt,0.7019663061717321,0.0,1,1,1,"[{'red_charge': 0, 'red_mult': 1, 'ox_charge': 1, 'ox_mult': 2, 'red_energy_hartree': -2984.0219611, 'ox_energy_hartree': -2983.832998, 'potential_V': 0.7019663061717321, 'transition_type': '(0,1) → (1,2)'}]"
5ejx,0.6353430701638958,0.0,1,1,1,"[{'red_charge': 0, 'red_mult': 1, 'ox_charge': 1, 'ox_mult': 2, 'red_energy_hartree': -2984.02285089, 'ox_energy_hartree': -2983.83633614, 'potential_V': 0.6353430701638958, 'transition_type': '(0,1) → (1,2)'}]"
5eoh,0.2737386437270928,0.0,1,2,1,"[{'red_charge': 0, 'red_mult': 1, 'ox_charge': 1, 'ox_mult': 2, 'red_energy_hartree': -3173.08261386, 'ox_energy_hartree': -3172.90938778, 'potential_V': 0.2737386437270928, 'transition_type': '(0,1) → (1,2)'}]"
5eyj,0.28077553339830263,0.0,1,2,1,"[{'red_charge': 0, 'red_mult': 1, 'ox_charge': 1, 'ox_mult': 2, 'red_energy_hartree': -3173.08168222, 'ox_energy_hartree': -3172.90819754, 'potential_V': 0.28077553339830263, 'transition_type': '(0,1) → (1,2)'}]"
5f2a,0.27444532596342786,0.0,1,2,1,"[{'red_charge': 0, 'red_mult': 1, 'ox_charge': 1, 'ox_mult': 2, 'red_energy_hartree': -3173.08158338, 'ox_energy_hartree': -3172.90833133, 'potential_V': 0.27444532596342786, 'transition_type': '(0,1) → (1,2)'}]"
5fne,0.6744429789075284,0.0,1,1,1,"[{'red_charge': 0, 'red_mult': 1, 'ox_charge': 1, 'ox_mult': 2, 'red_energy_hartree': -2984.01679774, 'ox_energy_hartree': -2983.8288461, 'potential_V': 0.6744429789075284, 'transition_type': '(0,1) → (1,2)'}]"
5gnl,1.594702974295637,0.0,1,1,1,"[{'red_charge': 0, 'red_mult': 1, 'ox_charge': 1, 'ox_mult': 2, 'red_energy_hartree': -3157.19610887, 'ox_energy_hartree': -3156.97433842, 'potential_V': 1.594702974295637, 'transition_type': '(0,1) → (1,2)'}]"
5gxg,1.5841487282437043,0.0,1,1,1,"[{'red_charge': 0, 'red_mult': 1, 'ox_charge': 1, 'ox_mult': 2, 'red_energy_hartree': -3157.1960292, 'ox_energy_hartree': -3156.97464661, 'potential_V': 1.5841487282437043, 'transition_type': '(0,1) → (1,2)'}]"
5hav,1.5796474046159075,0.0,1,1,2,"[{'red_charge': 0, 'red_mult': 1, 'ox_charge': 1, 'ox_mult': 2, 'red_energy_hartree': -3057.87319579, 'ox_energy_hartree': -3057.65197862, 'potential_V': 1.5796474046159075, 'transition_type': '(0,1) → (1,2)'}]"
5hlq,0.6495104570117469,0.0,1,2,1,"[{'red_charge': 0, 'red_mult': 1, 'ox_charge': 1, 'ox_mult': 2, 'red_energy_hartree': -2984.02057153, 'ox_energy_hartree': -2983.83353614, 'potential_V': 0.6495104570117469, 'transition_type': '(0,1) → (1,2)'}]"
5ikd,0.7085457707830258,0.0,1,1,1,"[{'red_charge': 0, 'red_mult': 1, 'ox_charge': 1, 'ox_mult': 2, 'red_energy_hartree': -2984.01999259, 'ox_energy_hartree': -2983.8307877, 'potential_V': 0.7085457707830258, 'transition_type': '(0,1) → (1,2)'}]"
5jqr,0.6490391541199463,0.0,1,2,1,"[{'red_charge': 0, 'red_mult': 1, 'ox_charge': 1, 'ox_mult': 2, 'red_energy_hartree': -2984.02255044, 'ox_energy_hartree': -2983.83553237, 'potential_V': 0.6490391541199463, 'transition_type': '(0,1) → (1,2)'}]"
5kke,0.6406318941366891,0.0,1,1,1,"[{'red_charge': 0, 'red_mult': 1, 'ox_charge': 1, 'ox_mult': 2, 'red_energy_hartree': -2984.02675584, 'ox_energy_hartree': -2983.84004673, 'potential_V': 0.6406318941366891, 'transition_type': '(0,1) → (1,2)'}]"
5l1r,1.6224965115792456,0.0,1,1,1,"[{'red_charge': 0, 'red_mult': 1, 'ox_charge': 1, 'ox_mult': 2, 'red_energy_hartree': -3157.18930061, 'ox_energy_hartree': -3156.96650877, 'potential_V': 1.6224965115792456, 'transition_type': '(0,1) → (1,2)'}]"
5lft,0.42789578033888453,0.0,1,2,1,"[{'red_charge': 0, 'red_mult': 1, 'ox_charge': 1, 'ox_mult': 2, 'red_energy_hartree': -3424.5854957, 'ox_energy_hartree': -3424.40660447, 'potential_V': 0.42789578033888453, 'transition_type': '(0,1) → (1,2)'}]"
5lth,0.732746575891202,0.0,1,1,1,"[{'red_charge': 0, 'red_mult': 1, 'ox_charge': 1, 'ox_mult': 2, 'red_energy_hartree': -2984.02345633, 'ox_energy_hartree': -2983.83336208, 'potential_V': 0.732746575891202, 'transition_type': '(0,1) → (1,2)'}]"
5m0n,1.5769085687903308,0.0,1,1,1,"[{'red_charge': 0, 'red_mult': 1, 'ox_charge': 1, 'ox_mult': 2, 'red_energy_hartree': -3157.19243681, 'ox_energy_hartree': -3156.97132029, 'potential_V': 1.5769085687903308, 'transition_type': '(0,1) → (1,2)'}]"
5m3s,0.7631211223998644,0.0,1,1,1,"[{'red_charge': 0, 'red_mult': 1, 'ox_charge': 1, 'ox_mult': 2, 'red_energy_hartree': -2984.02557494, 'ox_energy_hartree': -2983.83436445, 'potential_V': 0.7631211223998644, 'transition_type': '(0,1) → (1,2)'}]"
5o17,0.28635878561790484,0.0,1,2,1,"[{'red_charge': 0, 'red_mult': 1, 'ox_charge': 1, 'ox_mult': 2, 'red_energy_hartree': -3173.08372799, 'ox_energy_hartree': -3172.91003813, 'potential_V': 0.28635878561790484, 'transition_type': '(0,1) → (1,2)'}]"
5o27,0.6565662586718024,0.5364868997429365,2,2,2,"[{'red_charge': 0, 'red_mult': 1, 'ox_charge': 1, 'ox_mult': 2, 'red_energy_hartree': -3173.08315668, 'ox_energy_hartree': -3172.90980293, 'potential_V': 0.27721273384582457, 'transition_type': '(0,1) → (1,2)'}, {'red_charge': 0, 'red_mult': 5, 'ox_charge': 1, 'ox_mult': 6, 'red_energy_hartree': -3172.97340742, 'ox_energy_hartree': -3172.7721718, 'potential_V': 1.0359197834977802, 'transition_type': '(0,5) → (1,6)'}]"
5w0c,1.5757945306460375,0.0,1,1,1,"[{'red_charge': 0, 'red_mult': 1, 'ox_charge': 1, 'ox_mult': 2, 'red_energy_hartree': -3157.19403884, 'ox_energy_hartree': -3156.97296326, 'potential_V': 1.5757945306460375, 'transition_type': '(0,1) → (1,2)'}]"
5yce,0.7571101056617016,0.0,1,1,1,"[{'red_charge': 0, 'red_mult': 1, 'ox_charge': 1, 'ox_mult': 2, 'red_energy_hartree': -2984.02618387, 'ox_energy_hartree': -2983.83519428, 'potential_V': 0.7571101056617016, 'transition_type': '(0,1) → (1,2)'}]"
5ych,0.7617912971977736,0.0,1,2,1,"[{'red_charge': 0, 'red_mult': 1, 'ox_charge': 1, 'ox_mult': 2, 'red_energy_hartree': -2984.02512028, 'ox_energy_hartree': -2983.83395866, 'potential_V': 0.7617912971977736, 'transition_type': '(0,1) → (1,2)'}]"
5ylw,1.1263288494524648,0.0,1,1,1,"[{'red_charge': 0, 'red_mult': 1, 'ox_charge': 1, 'ox_mult': 2, 'red_energy_hartree': -3157.18609437, 'ox_energy_hartree': -3156.98153629, 'potential_V': 1.1263288494524648, 'transition_type': '(0,1) → (1,2)'}]"
5ysm,1.1136379577174926,0.0,1,1,1,"[{'red_charge': 0, 'red_mult': 1, 'ox_charge': 1, 'ox_mult': 2, 'red_energy_hartree': -3157.19143363, 'ox_energy_hartree': -3156.98734193, 'potential_V': 1.1136379577174926, 'transition_type': '(0,1) → (1,2)'}]"
6ied,0.7762860381934975,0.4701665194408835,2,2,2,"[{'red_charge': 0, 'red_mult': 1, 'ox_charge': 1, 'ox_mult': 2, 'red_energy_hartree': -3173.01057497, 'ox_energy_hartree': -3172.83109824, 'potential_V': 0.4438281040099721, 'transition_type': '(0,1) → (1,2)'}, {'red_charge': 0, 'red_mult': 5, 'ox_charge': 1, 'ox_mult': 6, 'red_energy_hartree': -3172.97892759, 'ox_energy_hartree': -3172.77501574, 'potential_V': 1.108743972377023, 'transition_type': '(0,5) → (1,6)'}]"
6jt6,0.5640563300983228,0.0,1,2,1,"[{'red_charge': 0, 'red_mult': 1, 'ox_charge': 1, 'ox_mult': 2, 'red_energy_hartree': -3424.80009583, 'ox_energy_hartree': -3424.61620081, 'potential_V': 0.5640563300983228, 'transition_type': '(0,1) → (1,2)'}]"
6k9i,0.5151015104365086,0.0,1,1,1,"[{'red_charge': 0, 'red_mult': 1, 'ox_charge': 1, 'ox_mult': 2, 'red_energy_hartree': -3424.85054891, 'ox_energy_hartree': -3424.66845294, 'potential_V': 0.5151015104365086, 'transition_type': '(0,1) → (1,2)'}]"
6k9j,0.5321473280293905,0.0,1,1,1,"[{'red_charge': 0, 'red_mult': 1, 'ox_charge': 1, 'ox_mult': 2, 'red_energy_hartree': -3424.85299115, 'ox_energy_hartree': -3424.67026876, 'potential_V': 0.5321473280293905, 'transition_type': '(0,1) → (1,2)'}]"
6krc,0.7651230712450179,0.0,1,1,1,"[{'red_charge': 0, 'red_mult': 1, 'ox_charge': 1, 'ox_mult': 2, 'red_energy_hartree': -2984.01775694, 'ox_energy_hartree': -2983.82647288, 'potential_V': 0.7651230712450179, 'transition_type': '(0,1) → (1,2)'}]"
6lco,0.7474138376876747,0.0,1,1,1,"[{'red_charge': 0, 'red_mult': 1, 'ox_charge': 1, 'ox_mult': 2, 'red_energy_hartree': -2984.02489734, 'ox_energy_hartree': -2983.83426408, 'potential_V': 0.7474138376876747, 'transition_type': '(0,1) → (1,2)'}]"
6m4q,1.136963097269426,0.0,1,1,1,"[{'red_charge': 0, 'red_mult': 1, 'ox_charge': 1, 'ox_mult': 2, 'red_energy_hartree': -3157.19559778, 'ox_energy_hartree': -3156.9906489, 'potential_V': 1.136963097269426, 'transition_type': '(0,1) → (1,2)'}]"
6m7e,0.6939481703857124,0.0,1,1,1,"[{'red_charge': 0, 'red_mult': 1, 'ox_charge': 1, 'ox_mult': 2, 'red_energy_hartree': -2984.02596299, 'ox_energy_hartree': -2983.83729455, 'potential_V': 0.6939481703857124, 'transition_type': '(0,1) → (1,2)'}]"
6m8f,0.7522670058168233,0.0,1,1,1,"[{'red_charge': 0, 'red_mult': 1, 'ox_charge': 1, 'ox_mult': 2, 'red_energy_hartree': -2984.02650131, 'ox_energy_hartree': -2983.8356897, 'potential_V': 0.7522670058168233, 'transition_type': '(0,1) → (1,2)'}]"
6mi0,1.2173852766200763,0.0,1,1,1,"[{'red_charge': 0, 'red_mult': 1, 'ox_charge': 1, 'ox_mult': 2, 'red_energy_hartree': -3157.18599155, 'ox_energy_hartree': -3156.97808722, 'potential_V': 1.2173852766200763, 'transition_type': '(0,1) → (1,2)'}]"
6mjm,1.58536997963383,0.0,1,1,1,"[{'red_charge': 0, 'red_mult': 1, 'ox_charge': 1, 'ox_mult': 2, 'red_energy_hartree': -3157.19496212, 'ox_energy_hartree': -3156.97353465, 'potential_V': 1.58536997963383, 'transition_type': '(0,1) → (1,2)'}]"
6onq,0.6471604732820424,0.0,1,1,1,"[{'red_charge': 0, 'red_mult': 1, 'ox_charge': 1, 'ox_mult': 2, 'red_energy_hartree': -3424.84883263, 'ox_energy_hartree': -3424.6618836, 'potential_V': 0.6471604732820424, 'transition_type': '(0,1) → (1,2)'}]"
6oob,1.5916849486410367,0.0,1,1,1,"[{'red_charge': 0, 'red_mult': 1, 'ox_charge': 1, 'ox_mult': 2, 'red_energy_hartree': -3157.19038971, 'ox_energy_hartree': -3156.96873017, 'potential_V': 1.5916849486410367, 'transition_type': '(0,1) → (1,2)'}]"
6pqd,0.9993271408519906,0.0,1,1,1,"[{'red_charge': 0, 'red_mult': 1, 'ox_charge': 1, 'ox_mult': 2, 'red_energy_hartree': -3157.19408642, 'ox_energy_hartree': -3156.99419555, 'potential_V': 0.9993271408519906, 'transition_type': '(0,1) → (1,2)'}]"
6qq0,0.5583487213968192,0.0,1,1,1,"[{'red_charge': 0, 'red_mult': 1, 'ox_charge': 1, 'ox_mult': 2, 'red_energy_hartree': -3424.85240692, 'ox_energy_hartree': -3424.66872165, 'potential_V': 0.5583487213968192, 'transition_type': '(0,1) → (1,2)'}]"
6qq1,0.6063274651366442,0.0,1,1,1,"[{'red_charge': 0, 'red_mult': 1, 'ox_charge': 1, 'ox_mult': 2, 'red_energy_hartree': -3424.85296614, 'ox_energy_hartree': -3424.66751769, 'potential_V': 0.6063274651366442, 'transition_type': '(0,1) → (1,2)'}]"
6qq2,0.5257749427874083,0.0,1,1,1,"[{'red_charge': 0, 'red_mult': 1, 'ox_charge': 1, 'ox_mult': 2, 'red_energy_hartree': -3424.85444964, 'ox_energy_hartree': -3424.67196143, 'potential_V': 0.5257749427874083, 'transition_type': '(0,1) → (1,2)'}]"
6r3w,0.7610291035449483,0.0,1,1,1,"[{'red_charge': 0, 'red_mult': 1, 'ox_charge': 1, 'ox_mult': 2, 'red_energy_hartree': -2984.02660335, 'ox_energy_hartree': -2983.83546974, 'potential_V': 0.7610291035449483, 'transition_type': '(0,1) → (1,2)'}]"
6ro8,1.5896642238626626,0.0,1,1,2,"[{'red_charge': 0, 'red_mult': 1, 'ox_charge': 1, 'ox_mult': 2, 'red_energy_hartree': -3157.19316811, 'ox_energy_hartree': -3156.97158283, 'potential_V': 1.5896642238626626, 'transition_type': '(0,1) → (1,2)'}]"
6rsj,0.809290438539013,0.5338042603249817,2,2,2,"[{'red_charge': 0, 'red_mult': 1, 'ox_charge': 1, 'ox_mult': 2, 'red_energy_hartree': -2983.66087587, 'ox_energy_hartree': -2983.48183992, 'potential_V': 0.4318338262369492, 'transition_type': '(0,1) → (1,2)'}, {'red_charge': 0, 'red_mult': 5, 'ox_charge': 1, 'ox_mult': 6, 'red_energy_hartree': -2983.64309698, 'ox_energy_hartree': -2983.43631858, 'potential_V': 1.1867470508410767, 'transition_type': '(0,5) → (1,6)'}]"
6tet,1.1157811341693673,0.0,1,1,1,"[{'red_charge': 0, 'red_mult': 1, 'ox_charge': 1, 'ox_mult': 2, 'red_energy_hartree': -3157.19425791, 'ox_energy_hartree': -3156.99008745, 'potential_V': 1.1157811341693673, 'transition_type': '(0,1) → (1,2)'}]"
6u97,0.623738732961395,0.0,1,1,1,"[{'red_charge': 0, 'red_mult': 1, 'ox_charge': 1, 'ox_mult': 2, 'red_energy_hartree': -3424.7923166, 'ox_energy_hartree': -3424.6062283, 'potential_V': 0.623738732961395, 'transition_type': '(0,1) → (1,2)'}]"
6vdq,0.11134159776468433,0.0,1,1,2,"[{'red_charge': 0, 'red_mult': 1, 'ox_charge': 1, 'ox_mult': 2, 'red_energy_hartree': -3172.69737368, 'ox_energy_hartree': -3172.53011556, 'potential_V': 0.11134159776468433, 'transition_type': '(0,1) → (1,2)'}]"
6vxv,1.5882103142899204,0.0,1,1,1,"[{'red_charge': 0, 'red_mult': 1, 'ox_charge': 1, 'ox_mult': 2, 'red_energy_hartree': -3157.18906248, 'ox_energy_hartree': -3156.96753063, 'potential_V': 1.5882103142899204, 'transition_type': '(0,1) → (1,2)'}]"
6vz6,1.359525413872967,1.5502683046762575,2,2,2,"[{'red_charge': 0, 'red_mult': 1, 'ox_charge': 1, 'ox_mult': 2, 'red_energy_hartree': -3173.07422576, 'ox_energy_hartree': -3172.90138255, 'potential_V': 0.2633201829778127, 'transition_type': '(0,1) → (1,2)'}, {'red_charge': 0, 'red_mult': 5, 'ox_charge': 1, 'ox_mult': 6, 'red_energy_hartree': -3173.01902994, 'ox_energy_hartree': -3172.76561742, 'potential_V': 2.4557306447681215, 'transition_type': '(0,5) → (1,6)'}]"
6y2y,0.7272607408037155,0.0,1,1,1,"[{'red_charge': 0, 'red_mult': 1, 'ox_charge': 1, 'ox_mult': 2, 'red_energy_hartree': -2984.02517182, 'ox_energy_hartree': -2983.83527917, 'potential_V': 0.7272607408037155, 'transition_type': '(0,1) → (1,2)'}]"
